Country Name,Country Code,Year,Year Code,ARI treatment (% of children under 5 taken to a health provider) [SH.STA.ARIC.ZS],Children with fever receiving antimalarial drugs (% of children under age 5 with fever) [SH.MLR.TRET.ZS],Diarrhea treatment (% of children under 5 receiving oral rehydration and continued feeding) [SH.STA.ORCF.ZS],Diarrhea treatment (% of children under 5 who received ORS packet) [SH.STA.ORTH],"Incidence of malaria (per 1,000 population at risk) [SH.MLR.INCD.P3]","Incidence of tuberculosis (per 100,000 people) [SH.TBS.INCD]",Intermittent preventive treatment (IPT) of malaria in pregnancy (% of pregnant women) [SH.MLR.IPTP.ZS],Malaria cases reported [SH.STA.MALR],"Tuberculosis case detection rate (%, all forms) [SH.TBS.DTEC.ZS]","Tuberculosis death rate (per 100,000 people) [SH.TBS.MORT]",Tuberculosis treatment success rate (% of new cases) [SH.TBS.CURE.ZS],Use of insecticide-treated bed nets (% of under-5 population) [SH.MLR.NETS.ZS]
Afghanistan,AFG,2017,YR2017,..,..,..,..,27.07227493,189,..,290572,68,30,91,..
Afghanistan,AFG,2018,YR2018,67.7,..,48.5,39.9,29.00589195,189,..,318520,69,29,91,..
Afghanistan,AFG,2019,YR2019,..,..,..,..,..,189,..,..,73,26,..,..
Africa Eastern and Southern,AFE,2017,YR2017,51.52032082,25.72742965,39.01103701,..,176.490676,..,..,..,..,..,..,50.92226492
Africa Eastern and Southern,AFE,2018,YR2018,..,..,..,..,167.3551763,..,..,..,..,..,..,..
Africa Eastern and Southern,AFE,2019,YR2019,..,..,..,..,..,..,..,..,..,..,..,..
Africa Western and Central,AFW,2017,YR2017,62.99631683,38.96961046,36.27258132,..,284.9936282,..,24.3334711,..,..,..,..,57.41137812
Africa Western and Central,AFW,2018,YR2018,..,..,..,37.13875313,284.3404987,..,..,..,..,..,..,..
Africa Western and Central,AFW,2019,YR2019,..,..,..,..,..,..,..,..,..,..,..,..
Albania,ALB,2017,YR2017,..,..,..,..,..,20,..,..,87,0.29,87,..
Albania,ALB,2018,YR2018,82.4,..,52.5,34.5,..,18,..,..,87,0.29,89,..
Albania,ALB,2019,YR2019,..,..,..,..,..,16,..,..,87,0.29,..,..
Algeria,DZA,2017,YR2017,..,..,..,..,0,70,..,0,80,7.6,91,..
Algeria,DZA,2018,YR2018,..,..,..,..,0,69,..,0,80,7.6,85,..
Algeria,DZA,2019,YR2019,..,..,..,..,..,61,..,..,80,6.6,..,..
American Samoa,ASM,2017,YR2017,..,..,..,..,..,10,..,..,87,0.85,80,..
American Samoa,ASM,2018,YR2018,..,..,..,..,..,0,..,..,..,0,100,..
American Samoa,ASM,2019,YR2019,..,..,..,..,..,2.1,..,..,87,0.17,..,..
Andorra,AND,2017,YR2017,..,..,..,..,..,1.5,..,..,87,0.12,100,..
Andorra,AND,2018,YR2018,..,..,..,..,..,3,..,..,87,0.25,100,..
Andorra,AND,2019,YR2019,..,..,..,..,..,7.5,..,..,87,0.61,..,..
Angola,AGO,2017,YR2017,..,..,..,..,228.9089405,359,..,3874892,51,64,25,..
Angola,AGO,2018,YR2018,..,..,..,..,228.9089503,355,..,5150575,61,60,50,..
Angola,AGO,2019,YR2019,..,..,..,..,..,351,..,..,66,53,..,..
Antigua and Barbuda,ATG,2017,YR2017,..,..,..,..,..,1.2,..,..,87,1.2,100,..
Antigua and Barbuda,ATG,2018,YR2018,..,..,..,..,..,6,..,..,87,1.2,100,..
Antigua and Barbuda,ATG,2019,YR2019,..,..,..,..,..,0,..,..,..,1.2,..,..
Arab World,ARB,2017,YR2017,..,..,..,..,13.68022945,..,..,..,..,..,..,..
Arab World,ARB,2018,YR2018,..,..,..,..,13.70855325,..,..,..,..,..,..,..
Arab World,ARB,2019,YR2019,..,..,..,..,..,..,..,..,..,..,..,..
Argentina,ARG,2017,YR2017,..,..,..,..,0,27,..,0,87,1.4,57,..
Argentina,ARG,2018,YR2018,..,..,..,..,0,27,..,0,87,1.3,54,..
Argentina,ARG,2019,YR2019,..,..,..,..,..,29,..,..,87,1.3,..,..
Armenia,ARM,2017,YR2017,..,..,..,..,0,36,..,0,80,1.2,79,..
Armenia,ARM,2018,YR2018,..,..,..,..,0,31,..,0,80,0.62,81,..
Armenia,ARM,2019,YR2019,..,..,..,..,..,26,..,..,80,0.03,..,..
Aruba,ABW,2017,YR2017,..,..,..,..,..,8.7,..,..,87,0.72,..,..
Aruba,ABW,2018,YR2018,..,..,..,..,..,5.4,..,..,87,0.45,..,..
Aruba,ABW,2019,YR2019,..,..,..,..,..,2.2,..,..,87,0.18,..,..
Australia,AUS,2017,YR2017,..,..,..,..,..,6.7,..,..,87,0.2,82,..
Australia,AUS,2018,YR2018,..,..,..,..,..,6.6,..,..,87,0.2,79,..
Australia,AUS,2019,YR2019,..,..,..,..,..,6.9,..,..,87,0.2,..,..
Austria,AUT,2017,YR2017,..,..,..,..,..,7.3,..,..,87,0.39,69,..
Austria,AUT,2018,YR2018,..,..,..,..,..,6.1,..,..,87,0.39,73,..
Austria,AUT,2019,YR2019,..,..,..,..,..,6.2,..,..,83,0.39,..,..
Azerbaijan,AZE,2017,YR2017,..,..,..,..,0,66,..,0,80,5.9,84,..
Azerbaijan,AZE,2018,YR2018,..,..,..,..,0,63,..,0,80,5.9,84,..
Azerbaijan,AZE,2019,YR2019,..,..,..,..,..,60,..,..,80,5.9,..,..
"Bahamas, The",BHS,2017,YR2017,..,..,..,..,..,15,..,..,87,0.24,71,..
"Bahamas, The",BHS,2018,YR2018,..,..,..,..,..,14,..,..,87,0.17,72,..
"Bahamas, The",BHS,2019,YR2019,..,..,..,..,..,15,..,..,87,0.09,..,..
Bahrain,BHR,2017,YR2017,..,..,..,..,..,12,..,..,87,0.51,..,..
Bahrain,BHR,2018,YR2018,..,..,..,..,..,11,..,..,87,0.51,47,..
Bahrain,BHR,2019,YR2019,..,..,..,..,..,12,..,..,87,0.51,..,..
Bangladesh,BGD,2017,YR2017,..,..,..,..,1.947705584,221,..,29007,69,34,94,..
Bangladesh,BGD,2018,YR2018,..,..,61.6,83.3,0.692739752,221,..,10426,75,29,94,..
Bangladesh,BGD,2019,YR2019,46.4,..,50.9,72.4,..,221,..,..,81,24,..,..
Barbados,BRB,2017,YR2017,..,..,..,..,..,0,..,..,..,0.9,..,..
Barbados,BRB,2018,YR2018,..,..,..,..,..,0.4,..,..,87,0.9,..,..
Barbados,BRB,2019,YR2019,..,..,..,..,..,0,..,..,..,0.9,..,..
Belarus,BLR,2017,YR2017,..,..,..,..,..,37,..,..,80,3.5,89,..
Belarus,BLR,2018,YR2018,..,..,..,..,..,31,..,..,80,2.8,88,..
Belarus,BLR,2019,YR2019,..,..,..,..,..,29,..,..,80,2.8,..,..
Belgium,BEL,2017,YR2017,..,..,..,..,..,9.2,..,..,87,0.29,79,..
Belgium,BEL,2018,YR2018,..,..,..,..,..,9.1,..,..,87,0.29,82,..
Belgium,BEL,2019,YR2019,..,..,..,..,..,8.9,..,..,87,0.29,..,..
Belize,BLZ,2017,YR2017,..,..,..,..,0.026997424,36,..,7,87,2.3,71,..
Belize,BLZ,2018,YR2018,..,..,..,..,0.011349965,30,..,3,87,2.3,67,..
Belize,BLZ,2019,YR2019,..,..,..,..,..,27,..,..,87,2.2,..,..
Benin,BEN,2017,YR2017,..,..,..,..,399.5579673,58,..,1774022,55,10,87,..
Benin,BEN,2018,YR2018,46.1,17.5,28,22.2,386.1823669,56,13.7,1975812,62,8.8,87,76.3
Benin,BEN,2019,YR2019,..,..,..,..,..,55,..,..,65,7.8,..,..
Bermuda,BMU,2017,YR2017,..,..,..,..,..,3.6,..,..,87,0.3,100,..
Bermuda,BMU,2018,YR2018,..,..,..,..,..,3.7,..,..,87,0.3,100,..
Bermuda,BMU,2019,YR2019,..,..,..,..,..,3.7,..,..,87,0.3,..,..
Bhutan,BTN,2017,YR2017,..,..,..,..,0.019937794,145,..,11,80,16,93,..
Bhutan,BTN,2018,YR2018,..,..,..,..,0.010747815,149,..,6,80,16,95,..
Bhutan,BTN,2019,YR2019,..,..,..,..,..,165,..,..,80,18,..,..
Bolivia,BOL,2017,YR2017,..,..,..,..,1.220001887,111,..,4572,61,11,83,..
Bolivia,BOL,2018,YR2018,..,..,..,..,1.405473055,108,..,5342,62,11,81,..
Bolivia,BOL,2019,YR2019,..,..,..,..,..,106,..,..,61,10,..,..
Bosnia and Herzegovina,BIH,2017,YR2017,..,..,..,..,..,29,..,..,80,3.2,45,..
Bosnia and Herzegovina,BIH,2018,YR2018,..,..,..,..,..,25,..,..,80,3,28,..
Bosnia and Herzegovina,BIH,2019,YR2019,..,..,..,..,..,27,..,..,65,2.8,..,..
Botswana,BWA,2017,YR2017,..,..,..,..,2.051410439,300,..,1900,80,17,78,..
Botswana,BWA,2018,YR2018,..,..,..,..,0.588195538,275,..,585,75,17,82,..
Botswana,BWA,2019,YR2019,..,..,..,..,..,253,..,..,53,28,..,..
Brazil,BRA,2017,YR2017,..,..,..,..,5.234572354,44,..,189503,87,2.5,71,..
Brazil,BRA,2018,YR2018,..,..,..,..,5.124373531,46,..,187693,87,2.4,71,..
Brazil,BRA,2019,YR2019,..,..,..,..,..,46,..,..,87,2.3,..,..
British Virgin Islands,VGB,2017,YR2017,..,..,..,..,..,1.9,..,..,..,0.16,..,..
British Virgin Islands,VGB,2018,YR2018,..,..,..,..,..,3.9,..,..,87,0.32,..,..
British Virgin Islands,VGB,2019,YR2019,..,..,..,..,..,3.9,..,..,..,0.32,..,..
Brunei Darussalam,BRN,2017,YR2017,..,..,..,..,..,64,..,..,87,4.2,75,..
Brunei Darussalam,BRN,2018,YR2018,..,..,..,..,..,68,..,..,87,2.9,77,..
Brunei Darussalam,BRN,2019,YR2019,..,..,..,..,..,64,..,..,87,3.2,..,..
Bulgaria,BGR,2017,YR2017,..,..,..,..,..,25,..,..,80,1.6,84,..
Bulgaria,BGR,2018,YR2018,..,..,..,..,..,23,..,..,80,1.6,86,..
Bulgaria,BGR,2019,YR2019,..,..,..,..,..,21,..,..,90,1.6,..,..
Burkina Faso,BFA,2017,YR2017,..,..,..,..,399.9437614,49,..,10255415,59,8.7,80,..
Burkina Faso,BFA,2018,YR2018,..,51.1,..,..,398.733694,48,57.7,10358924,63,7.8,80,54.4
Burkina Faso,BFA,2019,YR2019,..,..,..,..,..,47,..,..,51,9.7,..,..
Burundi,BDI,2017,YR2017,62.4,47,35,35.6,250.2725129,114,12.9,8453810,63,18,93,39.9
Burundi,BDI,2018,YR2018,..,..,..,..,250.2724964,111,..,4966511,58,19,94,..
Burundi,BDI,2019,YR2019,..,..,..,..,..,107,..,..,55,21,..,..
Cabo Verde,CPV,2017,YR2017,..,..,..,..,3.026855291,58,..,423,80,4.3,91,..
Cabo Verde,CPV,2018,YR2018,..,..,..,..,0.014146473,46,..,2,80,4.3,90,..
Cabo Verde,CPV,2019,YR2019,..,..,..,..,..,46,..,..,80,4.3,..,..
Cambodia,KHM,2017,YR2017,..,..,..,..,17.90332473,329,..,46590,65,19,94,..
Cambodia,KHM,2018,YR2018,..,..,..,..,23.69294269,308,..,62582,57,18,94,..
Cambodia,KHM,2019,YR2019,..,..,..,..,..,287,..,..,63,17,..,..
Cameroon,CMR,2017,YR2017,..,..,..,..,262.2253376,194,..,1317371,51,30,84,..
Cameroon,CMR,2018,YR2018,59.2,..,38.1,17.9,246.9895914,186,31.9,1327522,50,31,84,59.8
Cameroon,CMR,2019,YR2019,..,..,..,..,..,179,..,..,53,29,..,..
Canada,CAN,2017,YR2017,..,..,..,..,..,5.6,..,..,87,0.26,80,..
Canada,CAN,2018,YR2018,..,..,..,..,..,5.6,..,..,87,0.26,..,..
Canada,CAN,2019,YR2019,..,..,..,..,..,5.5,..,..,..,0.26,..,..
Caribbean small states,CSS,2017,YR2017,..,..,..,..,..,..,..,..,..,..,..,..
Caribbean small states,CSS,2018,YR2018,..,..,..,..,..,..,..,..,..,..,..,..
Caribbean small states,CSS,2019,YR2019,..,..,..,..,..,..,..,..,..,..,..,..
Cayman Islands,CYM,2017,YR2017,..,..,..,..,..,7.3,..,..,87,0.6,100,..
Cayman Islands,CYM,2018,YR2018,..,..,..,..,..,5.4,..,..,87,0.44,..,..
Cayman Islands,CYM,2019,YR2019,..,..,..,..,..,6,..,..,..,0.49,..,..
Central African Republic,CAF,2017,YR2017,..,..,..,..,347.327026,540,..,383309,39,107,78,..
Central African Republic,CAF,2018,YR2018,..,..,..,..,347.3269937,540,..,972119,43,103,79,..
Central African Republic,CAF,2019,YR2019,..,..,..,..,..,540,..,..,47,98,..,..
Central Europe and the Baltics,CEB,2017,YR2017,..,..,..,..,..,..,..,..,..,..,..,..
Central Europe and the Baltics,CEB,2018,YR2018,..,..,..,..,..,..,..,..,..,..,..,..
Central Europe and the Baltics,CEB,2019,YR2019,..,..,..,..,..,..,..,..,..,..,..,..
Chad,TCD,2017,YR2017,..,..,..,..,172.3014851,143,..,1962372,55,24,79,..
Chad,TCD,2018,YR2018,..,..,..,..,164.8319582,142,..,1364706,59,23,78,..
Chad,TCD,2019,YR2019,..,..,..,..,..,142,..,..,60,22,..,..
Channel Islands,CHI,2017,YR2017,..,..,..,..,..,..,..,..,..,..,..,..
Channel Islands,CHI,2018,YR2018,..,..,..,..,..,..,..,..,..,..,..,..
Channel Islands,CHI,2019,YR2019,..,..,..,..,..,..,..,..,..,..,..,..
Chile,CHL,2017,YR2017,..,..,..,..,..,17,..,..,87,2.3,78,..
Chile,CHL,2018,YR2018,..,..,..,..,..,18,..,..,87,2.2,73,..
Chile,CHL,2019,YR2019,..,..,..,..,..,18,..,..,87,2.1,..,..
China,CHN,2017,YR2017,..,..,..,..,0,62,..,0,87,2.6,93,..
China,CHN,2018,YR2018,..,..,..,..,0,61,..,0,92,2.4,94,..
China,CHN,2019,YR2019,..,..,..,..,..,58,..,..,87,2.2,..,..
Colombia,COL,2017,YR2017,..,..,..,..,7.47708519,33,..,52805,80,2.6,73,..
Colombia,COL,2018,YR2018,..,..,..,..,8.501371736,33,..,61195,80,2.6,74,..
Colombia,COL,2019,YR2019,..,..,..,..,..,35,..,..,80,2.5,..,..
Comoros,COM,2017,YR2017,..,..,..,..,3.968595265,35,..,3230,45,8.6,94,..
Comoros,COM,2018,YR2018,..,..,..,..,18.75836515,35,..,15613,42,9,..,..
Comoros,COM,2019,YR2019,..,..,..,..,..,35,..,..,..,9.3,..,..
"Congo, Dem. Rep.",COD,2017,YR2017,..,..,..,..,329.1286545,322,..,16793002,57,58,90,..
"Congo, Dem. Rep.",COD,2018,YR2018,34.2,..,30.8,24.1,319.8410165,321,13.4,16972207,63,50,93,51
"Congo, Dem. Rep.",COD,2019,YR2019,..,..,..,..,..,320,..,..,64,49,..,..
"Congo, Rep.",COG,2017,YR2017,..,..,..,..,240.6366563,376,..,127939,52,57,66,..
"Congo, Rep.",COG,2018,YR2018,..,..,..,..,235.0743074,375,..,116903,54,55,62,..
"Congo, Rep.",COG,2019,YR2019,..,..,..,..,..,373,..,..,59,52,..,..
Costa Rica,CRI,2017,YR2017,..,..,..,..,0.006926471,9.6,..,12,80,0.81,92,..
Costa Rica,CRI,2018,YR2018,80.3,..,59.6,56.3,0.040004458,10,..,70,80,0.69,88,..
Costa Rica,CRI,2019,YR2019,..,..,..,..,..,10,..,..,80,0.63,..,..
Cote d'Ivoire,CIV,2017,YR2017,..,..,..,..,362.3648106,148,..,3475953,58,23,83,..
Cote d'Ivoire,CIV,2018,YR2018,..,..,..,..,330.5981605,142,..,4766477,59,22,84,..
Cote d'Ivoire,CIV,2019,YR2019,..,..,..,..,..,137,..,..,60,21,..,..
Croatia,HRV,2017,YR2017,..,..,..,..,..,10,..,..,87,1.4,66,..
Croatia,HRV,2018,YR2018,..,..,..,..,..,10,..,..,87,1.1,29,..
Croatia,HRV,2019,YR2019,..,..,..,..,..,8,..,..,90,0.96,..,..
Cuba,CUB,2017,YR2017,..,..,..,..,..,7.2,..,..,87,0.32,82,..
Cuba,CUB,2018,YR2018,..,..,..,..,..,7.2,..,..,87,0.32,82,..
Cuba,CUB,2019,YR2019,..,..,..,..,..,6.5,..,..,87,0.32,..,..
Curacao,CUW,2017,YR2017,..,..,..,..,..,6.4,..,..,87,0.53,..,..
Curacao,CUW,2018,YR2018,..,..,..,..,..,6.4,..,..,..,0.53,..,..
Curacao,CUW,2019,YR2019,..,..,..,..,..,7.2,..,..,..,0.59,..,..
Cyprus,CYP,2017,YR2017,..,..,..,..,..,5.1,..,..,87,0.26,67,..
Cyprus,CYP,2018,YR2018,..,..,..,..,..,4.9,..,..,87,0.26,59,..
Cyprus,CYP,2019,YR2019,..,..,..,..,..,5.3,..,..,100,0.26,..,..
Czech Republic,CZE,2017,YR2017,..,..,..,..,..,5.4,..,..,87,0.34,69,..
Czech Republic,CZE,2018,YR2018,..,..,..,..,..,4.7,..,..,87,0.34,67,..
Czech Republic,CZE,2019,YR2019,..,..,..,..,..,4.9,..,..,87,0.34,..,..
Denmark,DNK,2017,YR2017,..,..,..,..,..,5.1,..,..,87,0.31,39,..
Denmark,DNK,2018,YR2018,..,..,..,..,..,5.4,..,..,87,0.31,16,..
Denmark,DNK,2019,YR2019,..,..,..,..,..,5,..,..,89,0.31,..,..
Djibouti,DJI,2017,YR2017,..,..,..,..,20.72178068,272,..,14671,80,29,85,..
Djibouti,DJI,2018,YR2018,..,..,..,..,35.20855496,260,..,25319,80,28,84,..
Djibouti,DJI,2019,YR2019,..,..,..,..,..,234,..,..,80,25,..,..
Dominica,DMA,2017,YR2017,..,..,..,..,..,1.6,..,..,87,4.1,100,..
Dominica,DMA,2018,YR2018,..,..,..,..,..,6.4,..,..,87,4.2,100,..
Dominica,DMA,2019,YR2019,..,..,..,..,..,16,..,..,87,4.2,..,..
Dominican Republic,DOM,2017,YR2017,..,..,..,..,0.060267689,46,..,283,80,2.8,74,..
Dominican Republic,DOM,2018,YR2018,..,..,..,..,0.120266945,45,..,571,80,2.3,76,..
Dominican Republic,DOM,2019,YR2019,..,..,..,..,..,42,..,..,80,1.8,..,..
Early-demographic dividend,EAR,2017,YR2017,72.66260943,12.93678936,41.47367463,..,14.61283628,..,..,..,..,..,..,..
Early-demographic dividend,EAR,2018,YR2018,..,..,..,..,12.46901274,..,..,..,..,..,..,..
Early-demographic dividend,EAR,2019,YR2019,..,..,..,..,..,..,..,..,..,..,..,..
East Asia & Pacific,EAS,2017,YR2017,..,..,..,..,3.510273794,135,..,..,67,9.8,89,..
East Asia & Pacific,EAS,2018,YR2018,..,..,..,..,2.883252518,133,..,..,74,9.2,87,..
East Asia & Pacific,EAS,2019,YR2019,..,..,..,..,..,130,..,..,74,8.8,..,..
East Asia & Pacific (excluding high income),EAP,2017,YR2017,..,..,..,..,3.521551754,146,..,..,67,11,89,..
East Asia & Pacific (excluding high income),EAP,2018,YR2018,..,..,..,..,2.892328574,144,..,..,74,9.9,88,..
East Asia & Pacific (excluding high income),EAP,2019,YR2019,..,..,..,..,..,141,..,..,74,9.4,..,..
East Asia & Pacific (IDA & IBRD countries),TEA,2017,YR2017,..,..,..,..,3.550098858,..,..,..,..,..,..,..
East Asia & Pacific (IDA & IBRD countries),TEA,2018,YR2018,..,..,..,..,2.915873382,..,..,..,..,..,..,..
East Asia & Pacific (IDA & IBRD countries),TEA,2019,YR2019,..,..,..,..,..,..,..,..,..,..,..,..
Ecuador,ECU,2017,YR2017,..,..,..,..,2.60669563,43,..,1275,80,3.8,74,..
Ecuador,ECU,2018,YR2018,..,..,..,..,3.320357225,44,..,1653,80,3.6,..,..
Ecuador,ECU,2019,YR2019,..,..,..,..,..,46,..,..,80,3.3,..,..
"Egypt, Arab Rep.",EGY,2017,YR2017,..,..,..,..,0,13,..,0,64,0.43,86,..
"Egypt, Arab Rep.",EGY,2018,YR2018,..,..,..,..,0,12,..,0,68,0.43,86,..
"Egypt, Arab Rep.",EGY,2019,YR2019,..,..,..,..,..,12,..,..,69,0.43,..,..
El Salvador,SLV,2017,YR2017,..,..,..,..,0,72,..,0,80,1,90,..
El Salvador,SLV,2018,YR2018,..,..,..,..,0,70,..,0,80,0.99,91,..
El Salvador,SLV,2019,YR2019,..,..,..,..,..,58,..,..,80,0.93,..,..
Equatorial Guinea,GNQ,2017,YR2017,..,..,..,..,285.7232284,181,..,15725,63,19,75,..
Equatorial Guinea,GNQ,2018,YR2018,..,..,..,..,269.0092791,181,..,8962,56,24,65,..
Equatorial Guinea,GNQ,2019,YR2019,..,..,..,..,..,181,..,..,63,24,..,..
Eritrea,ERI,2017,YR2017,..,..,..,..,33.96765326,99,..,54005,61,18,92,..
Eritrea,ERI,2018,YR2018,..,..,..,..,28.87977486,89,..,46440,61,16,93,..
Eritrea,ERI,2019,YR2019,..,..,..,..,..,86,..,..,61,16,..,..
Estonia,EST,2017,YR2017,..,..,..,..,..,15,..,..,87,1.8,80,..
Estonia,EST,2018,YR2018,..,..,..,..,..,13,..,..,87,0.98,83,..
Estonia,EST,2019,YR2019,..,..,..,..,..,13,..,..,87,0.98,..,..
Eswatini,SWZ,2017,YR2017,..,..,..,..,2.29880678,502,..,724,60,30,86,..
Eswatini,SWZ,2018,YR2018,..,..,..,..,0.842354065,441,..,268,60,34,90,..
Eswatini,SWZ,2019,YR2019,..,..,..,..,..,363,..,..,69,22,..,..
Ethiopia,ETH,2017,YR2017,..,..,..,..,36.74142904,164,..,1530739,67,25,96,..
Ethiopia,ETH,2018,YR2018,..,..,..,..,31.81495011,151,..,962087,69,22,88,..
Ethiopia,ETH,2019,YR2019,..,..,..,..,..,140,..,..,71,19,..,..
Euro area,EMU,2017,YR2017,..,..,..,..,..,..,..,..,..,..,..,..
Euro area,EMU,2018,YR2018,..,..,..,..,..,..,..,..,..,..,..,..
Euro area,EMU,2019,YR2019,..,..,..,..,..,..,..,..,..,..,..,..
Europe & Central Asia,ECS,2017,YR2017,..,..,..,..,..,30,..,..,87,2.7,76,..
Europe & Central Asia,ECS,2018,YR2018,..,..,..,..,..,28,..,..,87,2.4,75,..
Europe & Central Asia,ECS,2019,YR2019,..,..,..,..,..,27,..,..,88,2.2,..,..
Europe & Central Asia (excluding high income),ECA,2017,YR2017,..,..,..,..,..,54,..,..,87,5.2,78,..
Europe & Central Asia (excluding high income),ECA,2018,YR2018,..,..,..,..,..,51,..,..,88,4.6,77,..
Europe & Central Asia (excluding high income),ECA,2019,YR2019,..,..,..,..,..,48,..,..,88,4.2,..,..
Europe & Central Asia (IDA & IBRD countries),TEC,2017,YR2017,..,..,..,..,..,..,..,..,..,..,..,..
Europe & Central Asia (IDA & IBRD countries),TEC,2018,YR2018,..,..,..,..,..,..,..,..,..,..,..,..
Europe & Central Asia (IDA & IBRD countries),TEC,2019,YR2019,..,..,..,..,..,..,..,..,..,..,..,..
European Union,EUU,2017,YR2017,..,..,..,..,..,..,..,..,..,..,..,..
European Union,EUU,2018,YR2018,..,..,..,..,..,..,..,..,..,..,..,..
European Union,EUU,2019,YR2019,..,..,..,..,..,..,..,..,..,..,..,..
Faroe Islands,FRO,2017,YR2017,..,..,..,..,..,..,..,..,..,..,..,..
Faroe Islands,FRO,2018,YR2018,..,..,..,..,..,..,..,..,..,..,..,..
Faroe Islands,FRO,2019,YR2019,..,..,..,..,..,..,..,..,..,..,..,..
Fiji,FJI,2017,YR2017,..,..,..,..,..,51,..,..,80,4.2,81,..
Fiji,FJI,2018,YR2018,..,..,..,..,..,54,..,..,80,4.3,66,..
Fiji,FJI,2019,YR2019,..,..,..,..,..,66,..,..,80,4.4,..,..
Finland,FIN,2017,YR2017,..,..,..,..,..,4.9,..,..,87,0.64,36,..
Finland,FIN,2018,YR2018,..,..,..,..,..,4.8,..,..,87,0.47,20,..
Finland,FIN,2019,YR2019,..,..,..,..,..,4.7,..,..,87,0.42,..,..
Fragile and conflict affected situations,FCS,2017,YR2017,..,28.12267318,36.93407978,..,196.5240456,..,..,..,..,..,..,49.12374421
Fragile and conflict affected situations,FCS,2018,YR2018,..,..,..,..,195.7034162,..,..,..,..,..,..,..
Fragile and conflict affected situations,FCS,2019,YR2019,..,..,..,..,..,..,..,..,..,..,..,..
France,FRA,2017,YR2017,..,..,..,..,..,9,..,..,83,0.58,24,..
France,FRA,2018,YR2018,..,..,..,..,..,8.9,..,..,83,0.51,11,..
France,FRA,2019,YR2019,..,..,..,..,..,8.7,..,..,86,0.45,..,..
French Polynesia,PYF,2017,YR2017,..,..,..,..,..,22,..,..,87,1.8,81,..
French Polynesia,PYF,2018,YR2018,..,..,..,..,..,22,..,..,87,1.8,..,..
French Polynesia,PYF,2019,YR2019,..,..,..,..,..,20,..,..,..,1.7,..,..
Gabon,GAB,2017,YR2017,..,..,..,..,254.2400955,529,..,35244,48,80,25,..
Gabon,GAB,2018,YR2018,..,..,..,..,248.2263982,525,..,111719,51,77,50,..
Gabon,GAB,2019,YR2019,..,..,..,..,..,521,..,..,48,84,..,..
"Gambia, The",GMB,2017,YR2017,..,..,..,..,53.02091332,166,43.4,72412,68,21,81,62.4
"Gambia, The",GMB,2018,YR2018,53.2,..,48.3,43.9,65.99733695,162,37.5,91742,65,22,88,56
"Gambia, The",GMB,2019,YR2019,..,..,..,..,..,158,..,..,71,19,..,..
Georgia,GEO,2017,YR2017,..,..,..,..,0,86,..,0,76,4.2,84,..
Georgia,GEO,2018,YR2018,..,..,38.4,42.4,0,80,..,0,73,4,84,..
Georgia,GEO,2019,YR2019,..,..,..,..,..,74,..,..,73,3.8,..,..
Germany,DEU,2017,YR2017,..,..,..,..,..,6.8,..,..,95,0.36,71,..
Germany,DEU,2018,YR2018,..,..,..,..,..,6.7,..,..,95,0.36,71,..
Germany,DEU,2019,YR2019,..,..,..,..,..,5.8,..,..,95,0.36,..,..
Ghana,GHA,2017,YR2017,..,..,..,..,212.5594029,152,..,5584185,32,36,85,..
Ghana,GHA,2018,YR2018,55.5,..,38.7,47.8,224.3415786,148,51.7,4808163,32,36,84,48.6
Ghana,GHA,2019,YR2019,..,..,..,..,..,144,61,..,34,34,..,54.1
Gibraltar,GIB,2017,YR2017,..,..,..,..,..,..,..,..,..,..,..,..
Gibraltar,GIB,2018,YR2018,..,..,..,..,..,..,..,..,..,..,..,..
Gibraltar,GIB,2019,YR2019,..,..,..,..,..,..,..,..,..,..,..,..
Greece,GRC,2017,YR2017,..,..,..,..,..,4.7,..,..,87,0.46,..,..
Greece,GRC,2018,YR2018,..,..,..,..,..,4.4,..,..,87,0.46,0,..
Greece,GRC,2019,YR2019,..,..,..,..,..,4.3,..,..,96,0.46,..,..
Greenland,GRL,2017,YR2017,..,..,..,..,..,116,..,..,87,9.5,77,..
Greenland,GRL,2018,YR2018,..,..,..,..,..,100,..,..,87,8,..,..
Greenland,GRL,2019,YR2019,..,..,..,..,..,128,..,..,87,11,..,..
Grenada,GRD,2017,YR2017,..,..,..,..,..,3.1,..,..,87,1.6,67,..
Grenada,GRD,2018,YR2018,..,..,..,..,..,2.1,..,..,87,1.5,50,..
Grenada,GRD,2019,YR2019,..,..,..,..,..,3.1,..,..,87,1.5,..,..
Guam,GUM,2017,YR2017,..,..,..,..,..,59,..,..,87,4.8,89,..
Guam,GUM,2018,YR2018,..,..,..,..,..,49,..,..,87,4,80,..
Guam,GUM,2019,YR2019,..,..,..,..,..,54,..,..,87,4.4,..,..
Guatemala,GTM,2017,YR2017,..,..,..,..,0.343006025,25,..,3743,80,2,87,..
Guatemala,GTM,2018,YR2018,..,..,..,..,0.270414531,26,..,3021,80,1.8,88,..
Guatemala,GTM,2019,YR2019,..,..,..,..,..,26,..,..,80,1.7,..,..
Guinea,GIN,2017,YR2017,..,..,..,..,311.5302271,176,..,1335323,65,23,88,..
Guinea,GIN,2018,YR2018,83.2,24.8,42.4,54.9,283.8873937,176,35.7,1214996,65,22,90,26.6
Guinea,GIN,2019,YR2019,..,..,..,..,..,176,..,..,73,19,..,..
Guinea-Bissau,GNB,2017,YR2017,..,..,..,..,78.33072413,361,..,92846,34,73,64,..
Guinea-Bissau,GNB,2018,YR2018,..,..,..,..,123.3119067,361,..,125511,30,72,71,..
Guinea-Bissau,GNB,2019,YR2019,..,..,..,..,..,361,..,..,35,72,..,..
Guyana,GUY,2017,YR2017,..,..,..,..,32.55213372,84,..,13974,80,15,71,..
Guyana,GUY,2018,YR2018,..,..,..,..,44.37058974,83,..,19140,80,15,72,..
Guyana,GUY,2019,YR2019,..,..,..,..,..,79,..,..,80,15,..,..
Haiti,HTI,2017,YR2017,37.2,1.1,51.6,39.3,3.554675533,181,..,20150,75,9.5,78,18.2
Haiti,HTI,2018,YR2018,..,..,..,..,1.610034702,176,..,8828,69,9.2,82,..
Haiti,HTI,2019,YR2019,..,..,..,..,..,170,..,..,68,8.9,..,..
Heavily indebted poor countries (HIPC),HPC,2017,YR2017,51.82722227,29.09847887,38.20989632,..,207.3751857,..,..,..,..,..,..,53.90684808
Heavily indebted poor countries (HIPC),HPC,2018,YR2018,..,..,..,..,198.9610468,..,..,..,..,..,..,..
Heavily indebted poor countries (HIPC),HPC,2019,YR2019,..,..,..,..,..,..,..,..,..,..,..,..
High income,HIC,2017,YR2017,..,..,..,..,..,13,..,..,89,1,75,..
High income,HIC,2018,YR2018,..,..,..,..,..,12,..,..,88,1,72,..
High income,HIC,2019,YR2019,..,..,..,..,..,11,..,..,87,0.97,..,..
Honduras,HND,2017,YR2017,..,..,..,..,0.219651503,37,..,1392,80,4.2,87,..
Honduras,HND,2018,YR2018,..,..,..,..,0.132882286,37,..,784,80,4.4,88,..
Honduras,HND,2019,YR2019,..,..,..,..,..,31,..,..,80,4.6,..,..
"Hong Kong SAR, China",HKG,2017,YR2017,..,..,..,..,..,68,..,..,87,2.6,65,..
"Hong Kong SAR, China",HKG,2018,YR2018,..,..,..,..,..,67,..,..,87,2.3,64,..
"Hong Kong SAR, China",HKG,2019,YR2019,..,..,..,..,..,63,..,..,87,2.2,..,..
Hungary,HUN,2017,YR2017,..,..,..,..,..,7.7,..,..,87,0.64,67,..
Hungary,HUN,2018,YR2018,..,..,..,..,..,7.1,..,..,87,0.44,66,..
Hungary,HUN,2019,YR2019,..,..,..,..,..,6.3,..,..,87,0.28,..,..
IBRD only,IBD,2017,YR2017,..,..,..,..,..,..,..,..,..,..,..,..
IBRD only,IBD,2018,YR2018,..,..,..,..,..,..,..,..,..,..,..,..
IBRD only,IBD,2019,YR2019,..,..,..,..,..,..,..,..,..,..,..,..
Iceland,ISL,2017,YR2017,..,..,..,..,..,4.5,..,..,87,0.61,92,..
Iceland,ISL,2018,YR2018,..,..,..,..,..,2.7,..,..,87,0.6,100,..
Iceland,ISL,2019,YR2019,..,..,..,..,..,4.4,..,..,87,0.4,..,..
IDA & IBRD total,IBT,2017,YR2017,..,..,..,..,59.44680979,..,..,..,..,..,..,..
IDA & IBRD total,IBT,2018,YR2018,..,..,..,..,57.87914496,..,..,..,..,..,..,..
IDA & IBRD total,IBT,2019,YR2019,..,..,..,..,..,..,..,..,..,..,..,..
IDA blend,IDB,2017,YR2017,..,..,..,..,..,..,..,..,..,..,..,..
IDA blend,IDB,2018,YR2018,..,..,..,..,..,..,..,..,..,..,..,..
IDA blend,IDB,2019,YR2019,..,..,..,..,..,..,..,..,..,..,..,..
IDA only,IDX,2017,YR2017,..,..,..,..,..,..,..,..,..,..,..,..
IDA only,IDX,2018,YR2018,..,..,..,..,..,..,..,..,..,..,..,..
IDA only,IDX,2019,YR2019,..,..,..,..,..,..,..,..,..,..,..,..
IDA total,IDA,2017,YR2017,..,..,..,..,..,..,..,..,..,..,..,..
IDA total,IDA,2018,YR2018,..,..,..,..,..,..,..,..,..,..,..,..
IDA total,IDA,2019,YR2019,..,..,..,..,..,..,..,..,..,..,..,..
India,IND,2017,YR2017,..,..,..,..,7.472873162,204,..,844558,60,33,81,..
India,IND,2018,YR2018,..,..,..,..,5.330432232,199,..,429928,71,32,82,..
India,IND,2019,YR2019,..,..,..,..,..,193,..,..,82,32,..,..
Indonesia,IDN,2017,YR2017,92.1,0.2,61,36.1,6.77378967,319,..,258519,52,36,85,..
Indonesia,IDN,2018,YR2018,..,..,..,..,3.866192989,316,..,190562,67,35,83,..
Indonesia,IDN,2019,YR2019,..,..,..,..,..,312,..,..,67,34,..,..
"Iran, Islamic Rep.",IRN,2017,YR2017,..,..,..,..,0.072843823,14,..,60,80,1.1,86,..
"Iran, Islamic Rep.",IRN,2018,YR2018,..,..,..,..,0,14,..,0,80,1.1,86,..
"Iran, Islamic Rep.",IRN,2019,YR2019,..,..,..,..,..,13,..,..,80,1.1,..,..
Iraq,IRQ,2017,YR2017,..,..,..,..,0,42,..,0,48,2.4,92,..
Iraq,IRQ,2018,YR2018,44.4,..,36.8,25.4,0,42,..,0,44,2.2,93,..
Iraq,IRQ,2019,YR2019,..,..,..,..,..,41,..,..,41,2.1,..,..
Ireland,IRL,2017,YR2017,..,..,..,..,..,7.3,..,..,87,0.39,35,..
Ireland,IRL,2018,YR2018,..,..,..,..,..,7,..,..,87,0.39,39,..
Ireland,IRL,2019,YR2019,..,..,..,..,..,5.8,..,..,87,0.39,..,..
Isle of Man,IMN,2017,YR2017,..,..,..,..,..,..,..,..,..,..,..,..
Isle of Man,IMN,2018,YR2018,..,..,..,..,..,..,..,..,..,..,..,..
Isle of Man,IMN,2019,YR2019,..,..,..,..,..,..,..,..,..,..,..,..
Israel,ISR,2017,YR2017,..,..,..,..,..,3.3,..,..,87,0.15,87,..
Israel,ISR,2018,YR2018,..,..,..,..,..,4,..,..,87,0.15,78,..
Israel,ISR,2019,YR2019,..,..,..,..,..,2.9,..,..,87,0.15,..,..
Italy,ITA,2017,YR2017,..,..,..,..,..,7.3,..,..,87,0.53,..,..
Italy,ITA,2018,YR2018,..,..,..,..,..,7.2,..,..,87,0.53,..,..
Italy,ITA,2019,YR2019,..,..,..,..,..,7.1,..,..,74,0.53,..,..
Jamaica,JAM,2017,YR2017,..,..,..,..,..,5.2,..,..,80,0.26,27,..
Jamaica,JAM,2018,YR2018,..,..,..,..,..,3.5,..,..,80,0.26,22,..
Jamaica,JAM,2019,YR2019,..,..,..,..,..,3.2,..,..,80,0.26,..,..
Japan,JPN,2017,YR2017,..,..,..,..,..,15,..,..,87,2.9,68,..
Japan,JPN,2018,YR2018,..,..,..,..,..,14,..,..,87,2.9,66,..
Japan,JPN,2019,YR2019,..,..,..,..,..,13,..,..,87,2.9,..,..
Jordan,JOR,2017,YR2017,..,..,..,..,..,6.7,..,..,80,0.12,56,..
Jordan,JOR,2018,YR2018,71.8,..,46.2,44.4,..,5,..,..,80,0.12,67,..
Jordan,JOR,2019,YR2019,..,..,..,..,..,5.5,..,..,80,0.12,..,..
Kazakhstan,KAZ,2017,YR2017,..,..,..,..,0,69,..,0,100,3.7,91,..
Kazakhstan,KAZ,2018,YR2018,..,..,..,..,0,67,..,0,100,2.4,90,..
Kazakhstan,KAZ,2019,YR2019,..,..,..,..,..,68,..,..,98,1.6,..,..
Kenya,KEN,2017,YR2017,..,..,..,..,70.09764373,319,..,3419883,52,50,83,..
Kenya,KEN,2018,YR2018,..,..,..,..,70.09764252,292,..,1852509,63,38,84,..
Kenya,KEN,2019,YR2019,..,..,..,..,..,267,..,..,60,37,..,..
Kiribati,KIR,2017,YR2017,..,..,..,..,..,422,..,..,80,38,89,..
Kiribati,KIR,2018,YR2018,..,..,..,..,..,349,..,..,80,37,92,..
Kiribati,KIR,2019,YR2019,86.5,..,48.5,61.3,..,436,..,..,80,37,..,69.2
"Korea, Dem. People's Rep.",PRK,2017,YR2017,85.6,..,70.6,74.1,0.460732778,513,..,4575,77,..,83,..
"Korea, Dem. People's Rep.",PRK,2018,YR2018,..,..,..,..,0.360643545,513,..,3598,69,..,83,..
"Korea, Dem. People's Rep.",PRK,2019,YR2019,..,..,..,..,..,513,..,..,73,..,..,..
"Korea, Rep.",KOR,2017,YR2017,..,..,..,..,0.12189844,70,..,436,94,4.2,83,..
"Korea, Rep.",KOR,2018,YR2018,..,..,..,..,0.139865255,65,..,501,94,4.2,82,..
"Korea, Rep.",KOR,2019,YR2019,..,..,..,..,..,59,..,..,94,4,..,..
Kosovo,XKX,2017,YR2017,..,..,..,..,..,..,..,..,..,..,..,..
Kosovo,XKX,2018,YR2018,..,..,..,..,..,..,..,..,..,..,..,..
Kosovo,XKX,2019,YR2019,..,..,..,..,..,..,..,..,..,..,..,..
Kuwait,KWT,2017,YR2017,..,..,..,..,..,28,..,..,87,0.77,89,..
Kuwait,KWT,2018,YR2018,..,..,..,..,..,23,..,..,87,0.77,83,..
Kuwait,KWT,2019,YR2019,..,..,..,..,..,22,..,..,87,0.77,..,..
Kyrgyz Republic,KGZ,2017,YR2017,..,..,..,..,0,124,..,0,87,7,82,..
Kyrgyz Republic,KGZ,2018,YR2018,..,..,60.5,36.4,0,116,..,0,87,6.2,81,..
Kyrgyz Republic,KGZ,2019,YR2019,..,..,..,..,..,110,..,..,87,5.5,..,..
Lao PDR,LAO,2017,YR2017,39.8,..,61.1,56.1,5.626682587,168,1,11753,49,37,89,49.8
Lao PDR,LAO,2018,YR2018,..,..,..,..,4.201254144,162,..,8913,57,30,88,..
Lao PDR,LAO,2019,YR2019,..,..,..,..,..,155,..,..,61,27,..,..
Late-demographic dividend,LTE,2017,YR2017,..,..,..,..,0.422420132,..,..,..,..,..,..,..
Late-demographic dividend,LTE,2018,YR2018,..,..,..,..,0.432322104,..,..,..,..,..,..,..
Late-demographic dividend,LTE,2019,YR2019,..,..,..,..,..,..,..,..,..,..,..,..
Latin America & Caribbean,LCN,2017,YR2017,..,..,..,..,6.910309392,43,..,..,82,2.8,76,..
Latin America & Caribbean,LCN,2018,YR2018,..,..,..,..,6.735049137,43,..,..,82,2.7,75,..
Latin America & Caribbean,LCN,2019,YR2019,..,..,..,..,..,43,..,..,82,2.6,..,..
Latin America & Caribbean (excluding high income),LAC,2017,YR2017,..,..,..,..,3.807206419,44,..,..,82,2.8,76,..
Latin America & Caribbean (excluding high income),LAC,2018,YR2018,..,..,..,..,3.698883071,44,..,..,82,2.7,75,..
Latin America & Caribbean (excluding high income),LAC,2019,YR2019,..,..,..,..,..,44,..,..,82,2.6,..,..
Latin America & the Caribbean (IDA & IBRD countries),TLA,2017,YR2017,..,..,..,..,6.910309392,..,..,..,..,..,..,..
Latin America & the Caribbean (IDA & IBRD countries),TLA,2018,YR2018,..,..,..,..,6.735049137,..,..,..,..,..,..,..
Latin America & the Caribbean (IDA & IBRD countries),TLA,2019,YR2019,..,..,..,..,..,..,..,..,..,..,..,..
Latvia,LVA,2017,YR2017,..,..,..,..,..,32,..,..,87,3.2,..,..
Latvia,LVA,2018,YR2018,..,..,..,..,..,29,..,..,..,2.7,..,..
Latvia,LVA,2019,YR2019,..,..,..,..,..,26,..,..,..,2.2,..,..
Least developed countries: UN classification,LDC,2017,YR2017,51.49462693,22.56666282,39.91000211,..,181.6988268,..,..,..,..,..,..,50.20629476
Least developed countries: UN classification,LDC,2018,YR2018,..,..,..,..,175.0325421,..,..,..,..,..,..,..
Least developed countries: UN classification,LDC,2019,YR2019,..,..,..,..,..,..,..,..,..,..,..,..
Lebanon,LBN,2017,YR2017,..,..,..,..,..,10,..,..,87,0.85,84,..
Lebanon,LBN,2018,YR2018,..,..,..,..,..,11,..,..,87,0.89,81,..
Lebanon,LBN,2019,YR2019,..,..,..,..,..,13,..,..,87,1,..,..
Lesotho,LSO,2017,YR2017,..,..,..,..,..,681,..,..,50,46,76,..
Lesotho,LSO,2018,YR2018,57.5,..,54.5,39.7,..,659,..,..,51,50,77,..
Lesotho,LSO,2019,YR2019,..,..,..,..,..,654,..,..,51,57,..,..
Liberia,LBR,2017,YR2017,..,..,..,..,401.1095601,308,..,1783968,53,57,77,..
Liberia,LBR,2018,YR2018,..,..,..,..,361.5039793,308,..,0,53,56,75,..
Liberia,LBR,2019,YR2019,..,..,..,..,..,308,..,..,54,56,..,..
Libya,LBY,2017,YR2017,..,..,..,..,..,40,..,..,52,8.7,59,..
Libya,LBY,2018,YR2018,..,..,..,..,..,40,..,..,68,6.2,69,..
Libya,LBY,2019,YR2019,..,..,..,..,..,59,..,..,56,12,..,..
Liechtenstein,LIE,2017,YR2017,..,..,..,..,..,..,..,..,..,..,..,..
Liechtenstein,LIE,2018,YR2018,..,..,..,..,..,..,..,..,..,..,..,..
Liechtenstein,LIE,2019,YR2019,..,..,..,..,..,..,..,..,..,..,..,..
Lithuania,LTU,2017,YR2017,..,..,..,..,..,51,..,..,87,5.6,83,..
Lithuania,LTU,2018,YR2018,..,..,..,..,..,44,..,..,87,4.2,87,..
Lithuania,LTU,2019,YR2019,..,..,..,..,..,42,..,..,87,4,..,..
Low & middle income,LMY,2017,YR2017,..,..,..,..,59.39749803,159,..,..,62,20,85,..
Low & middle income,LMY,2018,YR2018,..,..,..,..,57.82591272,155,..,..,68,19,85,..
Low & middle income,LMY,2019,YR2019,..,..,..,..,..,152,..,..,71,18,..,..
Low income,LIC,2017,YR2017,..,27.99006934,..,..,204.3796926,193,..,..,63,27,87,52.92265107
Low income,LIC,2018,YR2018,..,..,..,..,195.5828521,190,..,..,66,24,87,..
Low income,LIC,2019,YR2019,..,..,..,..,..,187,..,..,68,23,..,..
Lower middle income,LMC,2017,YR2017,75.94392393,18.8925568,41.57633646,..,45.51217778,215,..,..,58,31,84,..
Lower middle income,LMC,2018,YR2018,..,..,..,..,44.55304019,211,..,..,64,30,84,..
Lower middle income,LMC,2019,YR2019,..,..,..,..,..,206,..,..,70,29,..,..
Luxembourg,LUX,2017,YR2017,..,..,..,..,..,6.2,..,..,87,0.18,0,..
Luxembourg,LUX,2018,YR2018,..,..,..,..,..,8,..,..,87,0.18,..,..
Luxembourg,LUX,2019,YR2019,..,..,..,..,..,9,..,..,87,0.18,..,..
"Macao SAR, China",MAC,2017,YR2017,..,..,..,..,..,70,..,..,87,5.8,82,..
"Macao SAR, China",MAC,2018,YR2018,..,..,..,..,..,60,..,..,87,4.8,83,..
"Macao SAR, China",MAC,2019,YR2019,..,..,..,..,..,65,..,..,87,5.3,..,..
Madagascar,MDG,2017,YR2017,..,..,..,..,75.66505026,233,..,935229,53,50,84,..
Madagascar,MDG,2018,YR2018,40.4,..,41.2,18.7,82.39677899,233,14.9,1081128,55,48,83,62.3
Madagascar,MDG,2019,YR2019,..,..,..,..,..,233,..,..,59,44,..,..
Malawi,MWI,2017,YR2017,..,29.4,..,..,216.2636254,162,41.1,4901344,58,16,86,67.5
Malawi,MWI,2018,YR2018,..,..,..,..,213.6402506,153,..,5830741,56,16,88,..
Malawi,MWI,2019,YR2019,..,..,..,..,..,146,..,..,62,14,..,..
Malaysia,MYS,2017,YR2017,..,..,..,..,0.06831776,94,..,85,87,3.9,81,..
Malaysia,MYS,2018,YR2018,..,..,..,..,0,92,..,0,87,3.9,79,..
Malaysia,MYS,2019,YR2019,..,..,..,..,..,92,..,..,87,3.8,..,..
Maldives,MDV,2017,YR2017,..,..,73,74.8,..,34,..,..,80,2.4,68,..
Maldives,MDV,2018,YR2018,..,..,..,..,..,33,..,..,80,2.2,64,..
Maldives,MDV,2019,YR2019,..,..,..,..,..,36,..,..,80,2.1,..,..
Mali,MLI,2017,YR2017,..,..,..,..,386.7775536,55,..,2097797,63,8.6,78,..
Mali,MLI,2018,YR2018,70.9,18.7,34.2,21.4,386.7775323,53,28.3,2345475,68,7.7,80,79.1
Mali,MLI,2019,YR2019,..,..,..,..,..,52,..,..,67,7.6,..,..
Malta,MLT,2017,YR2017,..,..,..,..,..,11,..,..,87,0.72,..,..
Malta,MLT,2018,YR2018,..,..,..,..,..,14,..,..,87,0.72,..,..
Malta,MLT,2019,YR2019,..,..,..,..,..,14,..,..,160,0.72,..,..
Marshall Islands,MHL,2017,YR2017,..,..,..,..,..,439,..,..,80,48,83,..
Marshall Islands,MHL,2018,YR2018,..,..,..,..,..,918,..,..,80,101,91,..
Marshall Islands,MHL,2019,YR2019,..,..,..,..,..,483,..,..,80,53,..,..
Mauritania,MRT,2017,YR2017,..,..,..,..,55.48778751,97,..,20105,59,18,77,..
Mauritania,MRT,2018,YR2018,..,..,..,..,39.4146497,93,..,30609,59,18,81,..
Mauritania,MRT,2019,YR2019,..,..,..,..,..,89,..,..,62,16,..,..
Mauritius,MUS,2017,YR2017,..,..,..,..,..,12,..,..,80,1.6,88,..
Mauritius,MUS,2018,YR2018,..,..,..,..,..,13,..,..,80,1.2,81,..
Mauritius,MUS,2019,YR2019,..,..,..,..,..,12,..,..,80,1.5,..,..
Mexico,MEX,2017,YR2017,..,..,..,..,0.278231521,23,..,736,80,1.6,77,..
Mexico,MEX,2018,YR2018,..,..,..,..,0.300159537,23,..,803,80,1.5,76,..
Mexico,MEX,2019,YR2019,..,..,..,..,..,23,..,..,80,1.4,..,..
"Micronesia, Fed. Sts.",FSM,2017,YR2017,..,..,..,..,..,156,..,..,80,17,88,..
"Micronesia, Fed. Sts.",FSM,2018,YR2018,..,..,..,..,..,108,..,..,80,12,93,..
"Micronesia, Fed. Sts.",FSM,2019,YR2019,..,..,..,..,..,100,..,..,80,11,..,..
Middle East & North Africa,MEA,2017,YR2017,..,..,..,..,3.954450137,31,..,..,76,2.7,87,..
Middle East & North Africa,MEA,2018,YR2018,..,..,..,..,4.427398093,31,..,..,76,2.7,87,..
Middle East & North Africa,MEA,2019,YR2019,..,..,..,..,..,30,..,..,75,2.6,..,..
Middle East & North Africa (excluding high income),MNA,2017,YR2017,..,..,..,..,4.331216894,35,..,..,75,2.9,87,..
Middle East & North Africa (excluding high income),MNA,2018,YR2018,..,..,..,..,4.851971294,34,..,..,75,2.9,87,..
Middle East & North Africa (excluding high income),MNA,2019,YR2019,..,..,..,..,..,33,..,..,75,2.8,..,..
Middle East & North Africa (IDA & IBRD countries),TMN,2017,YR2017,..,..,..,..,4.331216894,..,..,..,..,..,..,..
Middle East & North Africa (IDA & IBRD countries),TMN,2018,YR2018,..,..,..,..,4.851971294,..,..,..,..,..,..,..
Middle East & North Africa (IDA & IBRD countries),TMN,2019,YR2019,..,..,..,..,..,..,..,..,..,..,..,..
Middle income,MIC,2017,YR2017,..,..,..,..,35.63185389,155,..,..,62,19,85,..
Middle income,MIC,2018,YR2018,..,..,..,..,34.93144225,151,..,..,68,18,84,..
Middle income,MIC,2019,YR2019,..,..,..,..,..,148,..,..,72,18,..,..
Moldova,MDA,2017,YR2017,..,..,..,..,..,95,..,..,87,6.2,81,..
Moldova,MDA,2018,YR2018,..,..,..,..,..,86,..,..,87,5.9,85,..
Moldova,MDA,2019,YR2019,..,..,..,..,..,80,..,..,87,4.9,..,..
Monaco,MCO,2017,YR2017,..,..,..,..,..,0,..,..,..,0,..,..
Monaco,MCO,2018,YR2018,..,..,..,..,..,0,..,..,..,0,..,..
Monaco,MCO,2019,YR2019,..,..,..,..,..,0,..,..,..,0,..,..
Mongolia,MNG,2017,YR2017,..,..,..,..,..,428,..,..,32,11,91,..
Mongolia,MNG,2018,YR2018,76,..,71,58.2,..,428,..,..,29,10,91,..
Mongolia,MNG,2019,YR2019,..,..,..,..,..,428,..,..,31,10,..,..
Montenegro,MNE,2017,YR2017,..,..,..,..,..,14,..,..,87,0.2,87,..
Montenegro,MNE,2018,YR2018,..,..,..,..,..,15,..,..,87,0.2,95,..
Montenegro,MNE,2019,YR2019,..,..,..,..,..,15,..,..,87,0.2,..,..
Morocco,MAR,2017,YR2017,..,..,..,..,0,100,..,0,87,8.1,88,..
Morocco,MAR,2018,YR2018,..,..,..,..,0,99,..,0,87,8,88,..
Morocco,MAR,2019,YR2019,..,..,..,..,..,97,..,..,87,7.9,..,..
Mozambique,MOZ,2017,YR2017,..,..,..,..,326.3972814,361,..,9892601,83,22,90,..
Mozambique,MOZ,2018,YR2018,..,32.7,..,..,305.3587351,361,40.6,10304472,87,19,93,72.7
Mozambique,MOZ,2019,YR2019,..,..,..,..,..,361,..,..,88,19,..,..
Myanmar,MMR,2017,YR2017,..,..,..,..,3.800648668,355,..,85019,69,50,87,..
Myanmar,MMR,2018,YR2018,..,..,..,..,3.404073238,338,..,76518,76,39,88,..
Myanmar,MMR,2019,YR2019,..,..,..,..,..,322,..,..,77,36,..,..
Namibia,NAM,2017,YR2017,..,..,..,..,46.74943185,565,..,54268,63,64,86,..
Namibia,NAM,2018,YR2018,..,..,..,..,26.70559625,524,..,30567,61,64,86,..
Namibia,NAM,2019,YR2019,..,..,..,..,..,486,..,..,64,57,..,..
Nauru,NRU,2017,YR2017,..,..,..,..,..,98,..,..,87,8,78,..
Nauru,NRU,2018,YR2018,..,..,..,..,..,54,..,..,87,4.4,100,..
Nauru,NRU,2019,YR2019,..,..,..,..,..,182,..,..,87,15,..,..
Nepal,NPL,2017,YR2017,84.9,..,61.4,37,0.386973842,253,..,623,45,63,91,..
Nepal,NPL,2018,YR2018,..,..,..,..,0.439941866,245,..,493,46,60,91,..
Nepal,NPL,2019,YR2019,..,..,..,..,..,238,..,..,46,58,..,..
Netherlands,NLD,2017,YR2017,..,..,..,..,..,5.2,..,..,87,0.14,87,..
Netherlands,NLD,2018,YR2018,..,..,..,..,..,5.3,..,..,87,0.14,86,..
Netherlands,NLD,2019,YR2019,..,..,..,..,..,5,..,..,87,0.14,..,..
New Caledonia,NCL,2017,YR2017,..,..,..,..,..,14,..,..,87,1.2,35,..
New Caledonia,NCL,2018,YR2018,..,..,..,..,..,15,..,..,87,1.2,..,..
New Caledonia,NCL,2019,YR2019,..,..,..,..,..,9.4,..,..,87,0.77,..,..
New Zealand,NZL,2017,YR2017,..,..,..,..,..,7.4,..,..,87,0.44,82,..
New Zealand,NZL,2018,YR2018,..,..,..,..,..,7.3,..,..,87,0.44,84,..
New Zealand,NZL,2019,YR2019,..,..,..,..,..,7.5,..,..,87,0.44,..,..
Nicaragua,NIC,2017,YR2017,..,..,..,..,4.975272544,44,..,10949,80,2.6,86,..
Nicaragua,NIC,2018,YR2018,..,..,..,..,7.142677445,41,..,15917,80,2,87,..
Nicaragua,NIC,2019,YR2019,..,..,..,..,..,43,..,..,80,1.8,..,..
Niger,NER,2017,YR2017,..,..,..,..,356.5706254,90,..,2761268,54,18,82,..
Niger,NER,2018,YR2018,..,..,..,..,356.5706127,87,..,3046450,55,18,83,..
Niger,NER,2019,YR2019,..,..,..,..,..,84,..,..,59,16,..,..
Nigeria,NGA,2017,YR2017,23.7,..,33.4,36.8,283.0640745,219,14.9,11639713,24,63,86,49.1
Nigeria,NGA,2018,YR2018,74.5,43.5,36.4,40,291.9425142,219,16.6,13060853,24,64,87,52.2
Nigeria,NGA,2019,YR2019,..,..,..,..,..,219,..,..,27,63,..,..
North America,NAC,2017,YR2017,..,..,..,..,..,3.3,..,..,87,0.17,77,..
North America,NAC,2018,YR2018,..,..,..,..,..,3.3,..,..,87,0.17,79,..
North America,NAC,2019,YR2019,..,..,..,..,..,3.2,..,..,72,0.17,..,..
North Macedonia,MKD,2017,YR2017,..,..,..,..,..,13,..,..,80,0.98,88,..
North Macedonia,MKD,2018,YR2018,..,..,..,..,..,13,..,..,80,0.98,87,..
North Macedonia,MKD,2019,YR2019,..,..,..,..,..,12,..,..,80,0.98,..,..
Northern Mariana Islands,MNP,2017,YR2017,..,..,..,..,..,83,..,..,87,6.9,98,..
Northern Mariana Islands,MNP,2018,YR2018,..,..,..,..,..,95,..,..,87,7.6,91,..
Northern Mariana Islands,MNP,2019,YR2019,..,..,..,..,..,103,..,..,87,8.4,..,..
Norway,NOR,2017,YR2017,..,..,..,..,..,5.1,..,..,87,0.34,91,..
Norway,NOR,2018,YR2018,..,..,..,..,..,4.1,..,..,87,0.34,84,..
Norway,NOR,2019,YR2019,..,..,..,..,..,3.3,..,..,87,0.34,..,..
Not classified,INX,2017,YR2017,..,..,..,..,..,..,..,..,..,..,..,..
Not classified,INX,2018,YR2018,..,..,..,..,..,..,..,..,..,..,..,..
Not classified,INX,2019,YR2019,..,..,..,..,..,..,..,..,..,..,..,..
OECD members,OED,2017,YR2017,..,..,..,..,..,..,..,..,..,..,..,..
OECD members,OED,2018,YR2018,..,..,..,..,..,..,..,..,..,..,..,..
OECD members,OED,2019,YR2019,..,..,..,..,..,..,..,..,..,..,..,..
Oman,OMN,2017,YR2017,..,..,..,..,0,6.7,..,0,87,0.39,51,..
Oman,OMN,2018,YR2018,..,..,..,..,0,5.9,..,0,87,0.37,52,..
Oman,OMN,2019,YR2019,..,..,..,..,..,8.5,..,..,87,0.36,..,..
Other small states,OSS,2017,YR2017,..,..,..,..,..,..,..,..,..,..,..,..
Other small states,OSS,2018,YR2018,..,..,..,..,..,..,..,..,..,..,..,..
Other small states,OSS,2019,YR2019,..,..,..,..,..,..,..,..,..,..,..,..
Pacific island small states,PSS,2017,YR2017,..,..,..,..,..,..,..,..,..,..,..,..
Pacific island small states,PSS,2018,YR2018,..,..,..,..,..,..,..,..,..,..,..,..
Pacific island small states,PSS,2019,YR2019,..,..,..,..,..,..,..,..,..,..,..,..
Pakistan,PAK,2017,YR2017,..,..,..,..,4.750573882,267,..,350467,65,21,93,..
Pakistan,PAK,2018,YR2018,84.2,9.2,34.9,37.4,3.38151511,265,..,270820,64,20,93,0.4
Pakistan,PAK,2019,YR2019,..,..,..,..,..,263,..,..,58,19,..,..
Palau,PLW,2017,YR2017,..,..,..,..,..,129,..,..,87,11,80,..
Palau,PLW,2018,YR2018,..,..,..,..,..,109,..,..,87,9,82,..
Palau,PLW,2019,YR2019,..,..,..,..,..,38,..,..,87,3.1,..,..
Panama,PAN,2017,YR2017,..,..,..,..,0.201610569,57,..,649,80,5.5,73,..
Panama,PAN,2018,YR2018,..,..,..,..,0.194514638,52,..,684,80,5.3,82,..
Panama,PAN,2019,YR2019,..,..,..,..,..,37,..,..,80,5.3,..,..
Papua New Guinea,PNG,2017,YR2017,..,..,..,..,177.8443046,432,..,488878,72,59,68,..
Papua New Guinea,PNG,2018,YR2018,63,21.3,47.3,30,184.4658649,432,23.5,516249,75,54,73,51.5
Papua New Guinea,PNG,2019,YR2019,..,..,..,..,..,432,..,..,79,47,..,..
Paraguay,PRY,2017,YR2017,..,..,..,..,0,43,..,0,87,3.8,71,..
Paraguay,PRY,2018,YR2018,..,..,..,..,0,43,..,0,87,3.9,67,..
Paraguay,PRY,2019,YR2019,..,..,..,..,..,46,..,..,87,3.9,..,..
Peru,PER,2017,YR2017,..,..,..,..,5.871873356,119,..,55367,80,6.9,86,..
Peru,PER,2018,YR2018,..,..,..,..,4.652540655,119,..,45443,83,7.4,83,..
Peru,PER,2019,YR2019,..,..,..,..,..,119,..,..,82,7.3,..,..
Philippines,PHL,2017,YR2017,67.3,0.3,44.8,44.8,0.305919688,554,..,6668,54,27,91,..
Philippines,PHL,2018,YR2018,..,..,..,..,0.176744881,554,..,4267,63,26,83,..
Philippines,PHL,2019,YR2019,..,..,..,..,..,554,..,..,68,25,..,..
Poland,POL,2017,YR2017,..,..,..,..,..,17,..,..,87,1.4,..,..
Poland,POL,2018,YR2018,..,..,..,..,..,16,..,..,87,1.3,..,..
Poland,POL,2019,YR2019,..,..,..,..,..,15,..,..,87,1.2,..,..
Portugal,PRT,2017,YR2017,..,..,..,..,..,20,..,..,87,1.9,73,..
Portugal,PRT,2018,YR2018,..,..,..,..,..,21,..,..,87,1.8,67,..
Portugal,PRT,2019,YR2019,..,..,..,..,..,19,..,..,87,1.8,..,..
Post-demographic dividend,PST,2017,YR2017,..,..,..,..,..,..,..,..,..,..,..,..
Post-demographic dividend,PST,2018,YR2018,..,..,..,..,..,..,..,..,..,..,..,..
Post-demographic dividend,PST,2019,YR2019,..,..,..,..,..,..,..,..,..,..,..,..
Pre-demographic dividend,PRE,2017,YR2017,..,34.90567045,39.3356798,..,232.2717081,..,24.04870913,..,..,..,..,53.35180151
Pre-demographic dividend,PRE,2018,YR2018,..,..,..,..,227.8077915,..,..,..,..,..,..,..
Pre-demographic dividend,PRE,2019,YR2019,..,..,..,..,..,..,..,..,..,..,..,..
Puerto Rico,PRI,2017,YR2017,..,..,..,..,..,1.4,..,..,87,0.16,69,..
Puerto Rico,PRI,2018,YR2018,..,..,..,..,..,0.95,..,..,87,0.16,72,..
Puerto Rico,PRI,2019,YR2019,..,..,..,..,..,1.4,..,..,87,0.16,..,..
Qatar,QAT,2017,YR2017,..,..,..,..,..,25,..,..,87,0.29,64,..
Qatar,QAT,2018,YR2018,..,..,..,..,..,31,..,..,87,0.29,71,..
Qatar,QAT,2019,YR2019,..,..,..,..,..,35,..,..,87,0.28,..,..
Romania,ROU,2017,YR2017,..,..,..,..,..,72,..,..,87,4.7,86,..
Romania,ROU,2018,YR2018,..,..,..,..,..,68,..,..,87,4.4,84,..
Romania,ROU,2019,YR2019,..,..,..,..,..,66,..,..,87,4.1,..,..
Russian Federation,RUS,2017,YR2017,..,..,..,..,..,59,..,..,99,7.2,69,..
Russian Federation,RUS,2018,YR2018,..,..,..,..,..,54,..,..,99,6.5,69,..
Russian Federation,RUS,2019,YR2019,..,..,..,..,..,50,..,..,100,5.8,..,..
Rwanda,RWA,2017,YR2017,..,19.6,..,..,538.3392483,58,..,4413473,80,5,86,68
Rwanda,RWA,2018,YR2018,..,..,..,..,486.4873257,59,..,3879896,80,5.2,86,..
Rwanda,RWA,2019,YR2019,..,..,..,..,..,57,..,..,80,4.9,..,..
Samoa,WSM,2017,YR2017,..,..,..,..,..,18,..,..,87,1.5,57,..
Samoa,WSM,2018,YR2018,..,..,..,..,..,6.4,..,..,87,0.53,73,..
Samoa,WSM,2019,YR2019,..,..,..,..,..,11,..,..,87,0.86,..,..
San Marino,SMR,2017,YR2017,..,..,..,..,..,0,..,..,..,0,..,..
San Marino,SMR,2018,YR2018,..,..,..,..,..,0,..,..,..,0,..,..
San Marino,SMR,2019,YR2019,..,..,..,..,..,0,..,..,..,0,..,..
Sao Tome and Principe,STP,2017,YR2017,..,..,..,..,10.81193321,117,..,2239,57,20,75,..
Sao Tome and Principe,STP,2018,YR2018,..,..,..,..,13.9173206,124,..,2937,57,21,72,..
Sao Tome and Principe,STP,2019,YR2019,..,..,..,..,..,114,..,..,57,19,..,..
Saudi Arabia,SAU,2017,YR2017,..,..,..,..,0.066748751,10,..,177,87,2.4,90,..
Saudi Arabia,SAU,2018,YR2018,..,..,..,..,0.022593203,10,..,61,87,2.3,90,..
Saudi Arabia,SAU,2019,YR2019,..,..,..,..,..,9.9,..,..,87,2.2,..,..
Senegal,SEN,2017,YR2017,59.6,4.7,44,27.9,52.35478737,120,22,395706,72,16,87,60.7
Senegal,SEN,2018,YR2018,58.7,..,45.2,30.3,55.75255053,118,22.4,530652,71,17,89,56.4
Senegal,SEN,2019,YR2019,..,..,..,26,..,117,19.6,..,70,16,..,65.4
Serbia,SRB,2017,YR2017,..,..,..,..,..,19,..,..,87,0.97,86,..
Serbia,SRB,2018,YR2018,..,..,..,..,..,17,..,..,87,0.67,82,..
Serbia,SRB,2019,YR2019,..,..,..,..,..,14,..,..,87,0.51,..,..
Seychelles,SYC,2017,YR2017,..,..,..,..,..,19,..,..,87,0.27,56,..
Seychelles,SYC,2018,YR2018,..,..,..,..,..,18,..,..,87,0.14,67,..
Seychelles,SYC,2019,YR2019,..,..,..,..,..,16,..,..,87,0,..,..
Sierra Leone,SLE,2017,YR2017,73.8,..,51.1,77.7,364.1306779,301,26.8,1651236,71,39,90,59.5
Sierra Leone,SLE,2018,YR2018,..,..,..,..,320.4002955,298,..,1733831,75,33,89,..
Sierra Leone,SLE,2019,YR2019,85.7,..,59.7,85.3,..,295,35.7,..,77,31,..,59.1
Singapore,SGP,2017,YR2017,..,..,..,..,..,47,..,..,87,0.76,79,..
Singapore,SGP,2018,YR2018,..,..,..,..,..,47,..,..,87,0.74,80,..
Singapore,SGP,2019,YR2019,..,..,..,..,..,41,..,..,87,0.63,..,..
Sint Maarten (Dutch part),SXM,2017,YR2017,..,..,..,..,..,14,..,..,87,1.1,100,..
Sint Maarten (Dutch part),SXM,2018,YR2018,..,..,..,..,..,19,..,..,87,1.6,80,..
Sint Maarten (Dutch part),SXM,2019,YR2019,..,..,..,..,..,14,..,..,87,1.1,..,..
Slovak Republic,SVK,2017,YR2017,..,..,..,..,..,4.8,..,..,87,0.64,92,..
Slovak Republic,SVK,2018,YR2018,..,..,..,..,..,5.8,..,..,87,0.64,92,..
Slovak Republic,SVK,2019,YR2019,..,..,..,..,..,4.5,..,..,87,0.64,..,..
Slovenia,SVN,2017,YR2017,..,..,..,..,..,6.2,..,..,87,0.34,77,..
Slovenia,SVN,2018,YR2018,..,..,..,..,..,5.4,..,..,87,0.34,78,..
Slovenia,SVN,2019,YR2019,..,..,..,..,..,5.4,..,..,87,0.34,..,..
Small states,SST,2017,YR2017,..,..,..,..,..,..,..,..,..,..,..,..
Small states,SST,2018,YR2018,..,..,..,..,..,..,..,..,..,..,..,..
Small states,SST,2019,YR2019,..,..,..,..,..,..,..,..,..,..,..,..
Solomon Islands,SLB,2017,YR2017,..,..,..,..,164.3434884,73,..,52463,80,8.1,92,..
Solomon Islands,SLB,2018,YR2018,..,..,..,..,133.5902724,74,..,59188,80,8.2,92,..
Solomon Islands,SLB,2019,YR2019,..,..,..,..,..,66,..,..,80,7.3,..,..
Somalia,SOM,2017,YR2017,..,..,..,..,37.13495598,266,..,35138,43,68,86,..
Somalia,SOM,2018,YR2018,..,..,..,..,34.27427294,262,..,31021,42,67,87,..
Somalia,SOM,2019,YR2019,..,..,..,..,..,258,..,..,42,66,..,..
South Africa,ZAF,2017,YR2017,..,..,..,..,3.949675275,738,..,22517,58,37,77,..
South Africa,ZAF,2018,YR2018,..,..,..,..,1.650732655,677,..,9540,58,37,71,..
South Africa,ZAF,2019,YR2019,..,..,..,..,..,615,..,..,58,38,..,..
South Asia,SAS,2017,YR2017,76.99917005,16.4297546,40.02609262,..,7.340613691,212,..,..,62,32,84,4.146280207
South Asia,SAS,2018,YR2018,..,..,..,..,5.41030223,207,..,..,70,31,85,..
South Asia,SAS,2019,YR2019,..,..,..,..,..,203,..,..,77,30,..,..
South Asia (IDA & IBRD),TSA,2017,YR2017,76.99917005,16.4297546,40.02609262,..,7.340613691,..,..,..,..,..,..,4.146280207
South Asia (IDA & IBRD),TSA,2018,YR2018,..,..,..,..,5.41030223,..,..,..,..,..,..,..
South Asia (IDA & IBRD),TSA,2019,YR2019,..,..,..,..,..,..,..,..,..,..,..,..
South Sudan,SSD,2017,YR2017,..,..,..,..,245.7978692,227,31,1488005,41,53,80,41.7
South Sudan,SSD,2018,YR2018,..,..,..,..,235.9202742,227,..,0,59,39,81,..
South Sudan,SSD,2019,YR2019,..,..,..,..,..,227,..,..,65,34,..,..
Spain,ESP,2017,YR2017,..,..,..,..,..,11,..,..,87,0.52,61,..
Spain,ESP,2018,YR2018,..,..,..,..,..,11,..,..,87,0.52,45,..
Spain,ESP,2019,YR2019,..,..,..,..,..,9.3,..,..,94,0.52,..,..
Sri Lanka,LKA,2017,YR2017,..,..,..,..,0,64,..,0,61,4.1,85,..
Sri Lanka,LKA,2018,YR2018,..,..,..,..,0,64,..,0,64,3.8,85,..
Sri Lanka,LKA,2019,YR2019,..,..,..,..,..,64,..,..,61,3.6,..,..
St. Kitts and Nevis,KNA,2017,YR2017,..,..,..,..,..,2.2,..,..,87,1.9,0,..
St. Kitts and Nevis,KNA,2018,YR2018,..,..,..,..,..,0,..,..,..,1.9,..,..
St. Kitts and Nevis,KNA,2019,YR2019,..,..,..,..,..,1.5,..,..,..,1.9,..,..
St. Lucia,LCA,2017,YR2017,..,..,..,..,..,7,..,..,87,1.5,91,..
St. Lucia,LCA,2018,YR2018,..,..,..,..,..,3.2,..,..,87,1.6,100,..
St. Lucia,LCA,2019,YR2019,..,..,..,..,..,3.8,..,..,87,1.6,..,..
St. Martin (French part),MAF,2017,YR2017,..,..,..,..,..,..,..,..,..,..,..,..
St. Martin (French part),MAF,2018,YR2018,..,..,..,..,..,..,..,..,..,..,..,..
St. Martin (French part),MAF,2019,YR2019,..,..,..,..,..,..,..,..,..,..,..,..
St. Vincent and the Grenadines,VCT,2017,YR2017,..,..,..,..,..,2.1,..,..,87,0.94,67,..
St. Vincent and the Grenadines,VCT,2018,YR2018,..,..,..,..,..,6.3,..,..,87,1.7,33,..
St. Vincent and the Grenadines,VCT,2019,YR2019,..,..,..,..,..,4.2,..,..,87,1.6,..,..
Sub-Saharan Africa,SSF,2017,YR2017,54.53392174,31.14172932,37.97352654,..,224.5376286,244,24.97938909,..,52,39,82,53.90289118
Sub-Saharan Africa,SSF,2018,YR2018,..,..,..,..,219.1273345,235,..,..,55,37,82,..
Sub-Saharan Africa,SSF,2019,YR2019,..,..,..,..,..,226,..,..,57,35,..,..
Sub-Saharan Africa (excluding high income),SSA,2017,YR2017,54.53392174,31.14172932,37.97352654,..,224.5376286,244,24.97938909,..,52,39,82,53.90289118
Sub-Saharan Africa (excluding high income),SSA,2018,YR2018,..,..,..,..,219.1273345,235,..,..,55,37,82,..
Sub-Saharan Africa (excluding high income),SSA,2019,YR2019,..,..,..,..,..,226,..,..,57,35,..,..
Sub-Saharan Africa (IDA & IBRD countries),TSS,2017,YR2017,54.53392174,31.14172932,37.97352654,..,224.5376286,..,24.97938909,..,..,..,..,53.90289118
Sub-Saharan Africa (IDA & IBRD countries),TSS,2018,YR2018,..,..,..,..,219.1273345,..,..,..,..,..,..,..
Sub-Saharan Africa (IDA & IBRD countries),TSS,2019,YR2019,..,..,..,..,..,..,..,..,..,..,..,..
Sudan,SDN,2017,YR2017,..,..,..,..,46.7519269,77,..,720879,65,13,80,..
Sudan,SDN,2018,YR2018,..,..,..,..,46.75192287,71,..,1638017,67,11,84,..
Sudan,SDN,2019,YR2019,..,..,..,..,..,67,..,..,69,9.9,..,..
Suriname,SUR,2017,YR2017,..,..,..,..,0.474709834,28,..,40,80,2.7,73,..
Suriname,SUR,2018,YR2018,89.1,..,54.1,45.6,0.340883712,38,..,29,80,2.8,87,..
Suriname,SUR,2019,YR2019,..,..,..,..,..,29,..,..,80,2.9,..,..
Sweden,SWE,2017,YR2017,..,..,..,..,..,5.7,..,..,87,0.23,87,..
Sweden,SWE,2018,YR2018,..,..,..,..,..,5.5,..,..,87,0.23,78,..
Sweden,SWE,2019,YR2019,..,..,..,..,..,5.5,..,..,87,0.23,..,..
Switzerland,CHE,2017,YR2017,..,..,..,..,..,7.2,..,..,87,0.31,78,..
Switzerland,CHE,2018,YR2018,..,..,..,..,..,6.4,..,..,87,0.31,82,..
Switzerland,CHE,2019,YR2019,..,..,..,..,..,5.4,..,..,87,0.31,..,..
Syrian Arab Republic,SYR,2017,YR2017,..,..,..,..,0,20,..,0,80,0.13,86,..
Syrian Arab Republic,SYR,2018,YR2018,..,..,..,..,0,19,..,0,80,0.13,89,..
Syrian Arab Republic,SYR,2019,YR2019,..,..,..,..,..,19,..,..,80,0.13,..,..
Tajikistan,TJK,2017,YR2017,68.5,..,62.5,61.7,0,85,..,0,79,8.5,91,..
Tajikistan,TJK,2018,YR2018,..,..,..,..,0,84,..,0,75,8.2,89,..
Tajikistan,TJK,2019,YR2019,..,..,..,..,..,83,..,..,74,7.9,..,..
Tanzania,TZA,2017,YR2017,..,36.2,..,..,123.9576333,269,25.8,5354819,46,45,90,54.6
Tanzania,TZA,2018,YR2018,..,..,..,..,124.2653353,253,..,6052356,53,40,92,..
Tanzania,TZA,2019,YR2019,..,..,..,..,..,237,..,..,59,35,..,..
Thailand,THA,2017,YR2017,..,..,..,..,0.952924538,156,..,12515,74,14,84,..
Thailand,THA,2018,YR2018,..,..,..,..,0.362967232,153,..,4782,80,14,85,..
Thailand,THA,2019,YR2019,..,..,..,..,..,150,..,..,84,14,..,..
Timor-Leste,TLS,2017,YR2017,..,..,..,..,0.031642944,498,..,27,56,102,88,..
Timor-Leste,TLS,2018,YR2018,..,..,..,..,0,498,..,0,60,94,88,..
Timor-Leste,TLS,2019,YR2019,..,..,..,..,..,498,..,..,63,88,..,..
Togo,TGO,2017,YR2017,39,31.1,25.1,13.6,278.1997372,41,41.7,1755577,81,3.5,82,69.7
Togo,TGO,2018,YR2018,..,..,..,..,267.3086076,38,..,1713823,81,3.3,81,..
Togo,TGO,2019,YR2019,..,..,..,..,..,37,..,..,86,2.7,..,..
Tonga,TON,2017,YR2017,..,..,..,..,..,12,..,..,87,1,82,..
Tonga,TON,2018,YR2018,..,..,..,..,..,10,..,..,87,0.82,100,..
Tonga,TON,2019,YR2019,..,..,..,..,..,11,..,..,87,0.9,..,..
Trinidad and Tobago,TTO,2017,YR2017,..,..,..,..,..,17,..,..,87,1.6,67,..
Trinidad and Tobago,TTO,2018,YR2018,..,..,..,..,..,21,..,..,87,1.6,64,..
Trinidad and Tobago,TTO,2019,YR2019,..,..,..,..,..,18,..,..,87,1.5,..,..
Tunisia,TUN,2017,YR2017,..,..,..,..,..,34,..,..,80,1.2,89,..
Tunisia,TUN,2018,YR2018,97.5,..,43.1,39.6,..,35,..,..,80,1.2,..,..
Tunisia,TUN,2019,YR2019,..,..,..,..,..,35,..,..,80,1.2,..,..
Turkey,TUR,2017,YR2017,..,..,..,..,0,17,..,0,87,0.62,86,..
Turkey,TUR,2018,YR2018,..,..,..,..,0,16,..,0,87,0.49,85,..
Turkey,TUR,2019,YR2019,..,..,..,..,..,16,..,..,87,0.36,..,..
Turkmenistan,TKM,2017,YR2017,..,..,..,..,0,43,..,0,80,11,85,..
Turkmenistan,TKM,2018,YR2018,..,..,..,..,0,46,..,0,80,11,83,..
Turkmenistan,TKM,2019,YR2019,..,..,..,..,..,45,..,..,80,10,..,..
Turks and Caicos Islands,TCA,2017,YR2017,..,..,..,..,..,12,..,..,87,1,75,..
Turks and Caicos Islands,TCA,2018,YR2018,..,..,..,..,..,6.1,..,..,87,0.5,100,..
Turks and Caicos Islands,TCA,2019,YR2019,..,..,..,..,..,12,..,..,87,0.99,..,..
Tuvalu,TUV,2017,YR2017,..,..,..,..,..,233,..,..,87,19,68,..
Tuvalu,TUV,2018,YR2018,..,..,..,..,..,270,..,..,87,22,93,..
Tuvalu,TUV,2019,YR2019,..,..,..,..,..,296,..,..,87,24,..,..
Uganda,UGA,2017,YR2017,..,..,..,..,336.759267,201,..,11667831,55,25,72,..
Uganda,UGA,2018,YR2018,..,..,..,..,289.184576,200,40.6,5759174,65,20,74,60.3
Uganda,UGA,2019,YR2019,..,..,..,..,..,200,41,..,75,16,..,60.3
Ukraine,UKR,2017,YR2017,..,..,..,..,..,84,..,..,73,7.9,76,..
Ukraine,UKR,2018,YR2018,..,..,..,..,..,80,..,..,75,7.6,77,..
Ukraine,UKR,2019,YR2019,..,..,..,..,..,77,..,..,75,7.3,..,..
United Arab Emirates,ARE,2017,YR2017,..,..,..,..,0,0.8,..,0,87,0.67,88,..
United Arab Emirates,ARE,2018,YR2018,..,..,..,..,0,0.98,..,0,87,0.67,80,..
United Arab Emirates,ARE,2019,YR2019,..,..,..,..,..,1,..,..,87,0.67,..,..
United Kingdom,GBR,2017,YR2017,..,..,..,..,..,8.8,..,..,89,0.45,81,..
United Kingdom,GBR,2018,YR2018,..,..,..,..,..,8,..,..,89,0.45,80,..
United Kingdom,GBR,2019,YR2019,..,..,..,..,..,8,..,..,89,0.45,..,..
United States,USA,2017,YR2017,..,..,..,..,..,3.1,..,..,87,0.17,77,..
United States,USA,2018,YR2018,..,..,..,..,..,3,..,..,87,0.17,79,..
United States,USA,2019,YR2019,..,..,..,..,..,3,..,..,87,0.17,..,..
Upper middle income,UMC,2017,YR2017,..,..,..,..,1.879042828,95,..,..,71,6.9,85,..
Upper middle income,UMC,2018,YR2018,..,..,..,..,1.784678197,92,..,..,77,6.7,85,..
Upper middle income,UMC,2019,YR2019,..,..,..,..,..,89,..,..,76,6.4,..,..
Uruguay,URY,2017,YR2017,..,..,..,..,..,31,..,..,87,1.9,73,..
Uruguay,URY,2018,YR2018,..,..,..,..,..,33,..,..,87,2,72,..
Uruguay,URY,2019,YR2019,..,..,..,..,..,35,..,..,87,2,..,..
Uzbekistan,UZB,2017,YR2017,..,..,..,..,0,73,..,0,72,5.6,89,..
Uzbekistan,UZB,2018,YR2018,..,..,..,..,0,70,..,0,72,5.1,92,..
Uzbekistan,UZB,2019,YR2019,..,..,..,..,..,67,..,..,73,4.7,..,..
Vanuatu,VUT,2017,YR2017,..,..,..,..,7.936980515,51,..,1227,63,9.2,96,..
Vanuatu,VUT,2018,YR2018,..,..,..,..,3.987357991,46,..,632,67,7.5,90,..
Vanuatu,VUT,2019,YR2019,..,..,..,..,..,41,..,..,75,5.4,..,..
"Venezuela, RB",VEN,2017,YR2017,..,..,..,..,32.63404992,45,..,411586,80,2.6,82,..
"Venezuela, RB",VEN,2018,YR2018,..,..,..,..,32.67858238,48,..,404924,80,2.6,84,..
"Venezuela, RB",VEN,2019,YR2019,..,..,..,..,..,45,..,..,80,2.6,..,..
Vietnam,VNM,2017,YR2017,..,..,..,..,0.078614872,188,..,4548,58,12,92,..
Vietnam,VNM,2018,YR2018,..,..,..,..,0.082282062,182,..,4813,57,11,91,..
Vietnam,VNM,2019,YR2019,..,..,..,..,..,176,..,..,60,9.8,..,..
Virgin Islands (U.S.),VIR,2017,YR2017,..,..,..,..,..,..,..,..,..,..,..,..
Virgin Islands (U.S.),VIR,2018,YR2018,..,..,..,..,..,..,..,..,..,..,..,..
Virgin Islands (U.S.),VIR,2019,YR2019,..,..,..,..,..,..,..,..,..,..,..,..
West Bank and Gaza,PSE,2017,YR2017,..,..,..,..,..,0.76,..,..,80,0.08,100,..
West Bank and Gaza,PSE,2018,YR2018,..,..,..,..,..,0.77,..,..,80,0.08,87,..
West Bank and Gaza,PSE,2019,YR2019,..,..,..,..,..,0.53,..,..,80,0.06,..,..
World,WLD,2017,YR2017,..,..,..,..,58.98838665,135,..,..,62,17,85,..
World,WLD,2018,YR2018,..,..,..,..,57.43316993,133,..,..,68,16,85,..
World,WLD,2019,YR2019,..,..,..,..,..,130,..,..,71,16,..,..
"Yemen, Rep.",YEM,2017,YR2017,..,..,..,..,41.63530579,48,..,114004,73,6.6,89,..
"Yemen, Rep.",YEM,2018,YR2018,..,..,..,..,45.83874642,48,..,117652,71,6.9,88,..
"Yemen, Rep.",YEM,2019,YR2019,..,..,..,..,..,48,..,..,73,6.5,..,..
Zambia,ZMB,2017,YR2017,..,..,..,..,160.0459676,361,..,5505639,59,29,90,..
Zambia,ZMB,2018,YR2018,76,34.9,57.1,66.8,156.7012919,346,58.7,5039679,58,28,90,51.6
Zambia,ZMB,2019,YR2019,..,..,..,..,..,333,..,..,61,33,..,..
Zimbabwe,ZWE,2017,YR2017,..,..,..,..,108.5499901,221,..,467508,82,8.3,83,..
Zimbabwe,ZWE,2018,YR2018,..,..,..,..,51.00378117,210,..,263346,83,7.7,84,..
Zimbabwe,ZWE,2019,YR2019,48,..,45.6,32.8,..,199,12.5,..,72,11,..,14.9
