Country Name,Country Code,Year,Year Code,Diabetes prevalence (% of population ages 20 to 79) [SH.STA.DIAB.ZS],Prevalence of current tobacco use (% of adults) [SH.PRV.SMOK],"Prevalence of current tobacco use, females (% of female adults) [SH.PRV.SMOK.FE]","Prevalence of current tobacco use, males (% of male adults) [SH.PRV.SMOK.MA]","Total alcohol consumption per capita (liters of pure alcohol, projected estimates, 15+ years of age) [SH.ALC.PCAP.LI]","Total alcohol consumption per capita, female (liters of pure alcohol, projected estimates, female 15+ years of age) [SH.ALC.PCAP.FE.LI]","Total alcohol consumption per capita, male (liters of pure alcohol, projected estimates, male 15+ years of age) [SH.ALC.PCAP.MA.LI]"
Afghanistan,AFG,2017,YR2017,..,..,..,..,..,..,..
Afghanistan,AFG,2018,YR2018,..,..,..,..,0.21,0.055,0.36
Afghanistan,AFG,2019,YR2019,9.2,..,..,..,..,..,..
Africa Eastern and Southern,AFE,2017,YR2017,..,..,..,..,..,..,..
Africa Eastern and Southern,AFE,2018,YR2018,..,14.66227319,5.467869528,23.82283586,5.17091073,1.972142892,8.497959931
Africa Eastern and Southern,AFE,2019,YR2019,6.648452482,..,..,..,..,..,..
Africa Western and Central,AFW,2017,YR2017,..,..,..,..,..,..,..
Africa Western and Central,AFW,2018,YR2018,..,7.62886455,1.330528683,13.83867184,6.835266062,2.694733752,11.00733593
Africa Western and Central,AFW,2019,YR2019,3.395120021,..,..,..,..,..,..
Albania,ALB,2017,YR2017,..,..,..,..,..,..,..
Albania,ALB,2018,YR2018,..,29.2,7.9,50.5,7.17,2.68,11.63
Albania,ALB,2019,YR2019,9,..,..,..,..,..,..
Algeria,DZA,2017,YR2017,..,..,..,..,..,..,..
Algeria,DZA,2018,YR2018,..,18.8,1.4,36.3,0.95,0.25,1.63
Algeria,DZA,2019,YR2019,6.7,..,..,..,..,..,..
American Samoa,ASM,2017,YR2017,..,..,..,..,..,..,..
American Samoa,ASM,2018,YR2018,..,..,..,..,..,..,..
American Samoa,ASM,2019,YR2019,..,..,..,..,..,..,..
Andorra,AND,2017,YR2017,..,..,..,..,..,..,..
Andorra,AND,2018,YR2018,..,33.8,29.5,38.1,11.02,5.19,17.17
Andorra,AND,2019,YR2019,7.7,..,..,..,..,..,..
Angola,AGO,2017,YR2017,..,..,..,..,..,..,..
Angola,AGO,2018,YR2018,..,..,..,..,6.94,3.1,11.05
Angola,AGO,2019,YR2019,4.5,..,..,..,..,..,..
Antigua and Barbuda,ATG,2017,YR2017,..,..,..,..,..,..,..
Antigua and Barbuda,ATG,2018,YR2018,..,..,..,..,6.38,2.9,10.26
Antigua and Barbuda,ATG,2019,YR2019,13.1,..,..,..,..,..,..
Arab World,ARB,2017,YR2017,..,..,..,..,..,..,..
Arab World,ARB,2018,YR2018,..,20.04740513,2.946214233,36.91042806,0.618598082,0.151652261,1.037616141
Arab World,ARB,2019,YR2019,12.53600133,..,..,..,..,..,..
Argentina,ARG,2017,YR2017,..,..,..,..,..,..,..
Argentina,ARG,2018,YR2018,..,21.8,15.4,28.2,9.65,4.71,14.94
Argentina,ARG,2019,YR2019,5.9,..,..,..,..,..,..
Armenia,ARM,2017,YR2017,..,..,..,..,..,..,..
Armenia,ARM,2018,YR2018,..,26.7,1.6,51.8,5.55,2.55,9.14
Armenia,ARM,2019,YR2019,6.1,..,..,..,..,..,..
Aruba,ABW,2017,YR2017,..,..,..,..,..,..,..
Aruba,ABW,2018,YR2018,..,..,..,..,..,..,..
Aruba,ABW,2019,YR2019,11.6,..,..,..,..,..,..
Australia,AUS,2017,YR2017,..,..,..,..,..,..,..
Australia,AUS,2018,YR2018,..,16.2,13.6,18.7,10.51,5.18,15.96
Australia,AUS,2019,YR2019,5.6,..,..,..,..,..,..
Austria,AUT,2017,YR2017,..,..,..,..,..,..,..
Austria,AUT,2018,YR2018,..,29.1,27.7,30.4,11.96,5.77,18.49
Austria,AUT,2019,YR2019,6.6,..,..,..,..,..,..
Azerbaijan,AZE,2017,YR2017,..,..,..,..,..,..,..
Azerbaijan,AZE,2018,YR2018,..,19.6,0.2,39,4.41,1.46,7.51
Azerbaijan,AZE,2019,YR2019,6.1,..,..,..,..,..,..
"Bahamas, The",BHS,2017,YR2017,..,..,..,..,..,..,..
"Bahamas, The",BHS,2018,YR2018,..,10.9,3.2,18.6,4.78,2.12,7.62
"Bahamas, The",BHS,2019,YR2019,8.8,..,..,..,..,..,..
Bahrain,BHR,2017,YR2017,..,..,..,..,..,..,..
Bahrain,BHR,2018,YR2018,..,25.1,8.6,41.5,1.09,0.32,1.5
Bahrain,BHR,2019,YR2019,15.6,..,..,..,..,..,..
Bangladesh,BGD,2017,YR2017,..,..,..,..,..,..,..
Bangladesh,BGD,2018,YR2018,..,39.1,17.7,60.6,0.019,0.005,0.033
Bangladesh,BGD,2019,YR2019,9.2,..,..,..,..,..,..
Barbados,BRB,2017,YR2017,..,..,..,..,..,..,..
Barbados,BRB,2018,YR2018,..,8.7,2.3,15,9.69,4.09,15.98
Barbados,BRB,2019,YR2019,13.4,..,..,..,..,..,..
Belarus,BLR,2017,YR2017,..,..,..,..,..,..,..
Belarus,BLR,2018,YR2018,..,26.6,10.4,42.8,11.45,5.38,18.71
Belarus,BLR,2019,YR2019,5,..,..,..,..,..,..
Belgium,BEL,2017,YR2017,..,..,..,..,..,..,..
Belgium,BEL,2018,YR2018,..,25,23.1,26.9,11.08,5.27,17.15
Belgium,BEL,2019,YR2019,4.6,..,..,..,..,..,..
Belize,BLZ,2017,YR2017,..,..,..,..,..,..,..
Belize,BLZ,2018,YR2018,..,..,..,..,6.22,2.59,9.94
Belize,BLZ,2019,YR2019,17.1,..,..,..,..,..,..
Benin,BEN,2017,YR2017,..,..,..,..,..,..,..
Benin,BEN,2018,YR2018,..,7.2,1.9,12.4,2.81,1.14,4.53
Benin,BEN,2019,YR2019,1,..,..,..,..,..,..
Bermuda,BMU,2017,YR2017,..,..,..,..,..,..,..
Bermuda,BMU,2018,YR2018,..,..,..,..,..,..,..
Bermuda,BMU,2019,YR2019,6.7,..,..,..,..,..,..
Bhutan,BTN,2017,YR2017,..,..,..,..,..,..,..
Bhutan,BTN,2018,YR2018,..,..,..,..,0.43,0.16,0.67
Bhutan,BTN,2019,YR2019,10.3,..,..,..,..,..,..
Bolivia,BOL,2017,YR2017,..,..,..,..,..,..,..
Bolivia,BOL,2018,YR2018,..,..,..,..,4.43,2.09,6.8
Bolivia,BOL,2019,YR2019,6.8,..,..,..,..,..,..
Bosnia and Herzegovina,BIH,2017,YR2017,..,..,..,..,..,..,..
Bosnia and Herzegovina,BIH,2018,YR2018,..,38.3,30.2,46.3,7.15,2.7,11.83
Bosnia and Herzegovina,BIH,2019,YR2019,9,..,..,..,..,..,..
Botswana,BWA,2017,YR2017,..,..,..,..,..,..,..
Botswana,BWA,2018,YR2018,..,23.7,10.1,37.3,6.59,2.51,10.85
Botswana,BWA,2019,YR2019,5.8,..,..,..,..,..,..
Brazil,BRA,2017,YR2017,..,..,..,..,..,..,..
Brazil,BRA,2018,YR2018,..,16.5,11.5,21.5,7.42,3.26,11.82
Brazil,BRA,2019,YR2019,10.4,..,..,..,..,..,..
British Virgin Islands,VGB,2017,YR2017,..,..,..,..,..,..,..
British Virgin Islands,VGB,2018,YR2018,..,..,..,..,..,..,..
British Virgin Islands,VGB,2019,YR2019,14.2,..,..,..,..,..,..
Brunei Darussalam,BRN,2017,YR2017,..,..,..,..,..,..,..
Brunei Darussalam,BRN,2018,YR2018,..,15.5,2.5,28.6,0.48,0.22,0.72
Brunei Darussalam,BRN,2019,YR2019,13.3,..,..,..,..,..,..
Bulgaria,BGR,2017,YR2017,..,..,..,..,..,..,..
Bulgaria,BGR,2018,YR2018,..,38.9,35.3,42.5,12.65,5.68,20.17
Bulgaria,BGR,2019,YR2019,6,..,..,..,..,..,..
Burkina Faso,BFA,2017,YR2017,..,..,..,..,..,..,..
Burkina Faso,BFA,2018,YR2018,..,16,7.2,24.9,12.03,4.2,20.17
Burkina Faso,BFA,2019,YR2019,7.3,..,..,..,..,..,..
Burundi,BDI,2017,YR2017,..,..,..,..,..,..,..
Burundi,BDI,2018,YR2018,..,12.6,6.4,18.8,7.19,2.79,11.86
Burundi,BDI,2019,YR2019,5.1,..,..,..,..,..,..
Cabo Verde,CPV,2017,YR2017,..,..,..,..,..,..,..
Cabo Verde,CPV,2018,YR2018,..,..,..,..,5.6,2.44,8.81
Cabo Verde,CPV,2019,YR2019,2.4,..,..,..,..,..,..
Cambodia,KHM,2017,YR2017,..,..,..,..,..,..,..
Cambodia,KHM,2018,YR2018,..,21.8,6.3,37.4,6.64,2.72,10.9
Cambodia,KHM,2019,YR2019,6.4,..,..,..,..,..,..
Cameroon,CMR,2017,YR2017,..,..,..,..,..,..,..
Cameroon,CMR,2018,YR2018,..,9.3,1.2,17.5,5.65,2.36,8.96
Cameroon,CMR,2019,YR2019,6,..,..,..,..,..,..
Canada,CAN,2017,YR2017,..,..,..,..,..,..,..
Canada,CAN,2018,YR2018,..,17.5,12.4,22.7,8.94,4.07,13.95
Canada,CAN,2019,YR2019,7.6,..,..,..,..,..,..
Caribbean small states,CSS,2017,YR2017,..,..,..,..,..,..,..
Caribbean small states,CSS,2018,YR2018,..,..,..,..,5.794512657,2.433923181,9.266783271
Caribbean small states,CSS,2019,YR2019,11.62934214,..,..,..,..,..,..
Cayman Islands,CYM,2017,YR2017,..,..,..,..,..,..,..
Cayman Islands,CYM,2018,YR2018,..,..,..,..,..,..,..
Cayman Islands,CYM,2019,YR2019,6.8,..,..,..,..,..,..
Central African Republic,CAF,2017,YR2017,..,..,..,..,..,..,..
Central African Republic,CAF,2018,YR2018,..,..,..,..,2.38,0.98,3.85
Central African Republic,CAF,2019,YR2019,6,..,..,..,..,..,..
Central Europe and the Baltics,CEB,2017,YR2017,..,..,..,..,..,..,..
Central Europe and the Baltics,CEB,2018,YR2018,..,28.78300494,23.2614779,34.24075195,11.93207958,5.641547817,18.81260174
Central Europe and the Baltics,CEB,2019,YR2019,6.295943662,..,..,..,..,..,..
Chad,TCD,2017,YR2017,..,..,..,..,..,..,..
Chad,TCD,2018,YR2018,..,11.8,2.3,21.3,1.37,0.5,2.25
Chad,TCD,2019,YR2019,6,..,..,..,..,..,..
Channel Islands,CHI,2017,YR2017,..,..,..,..,..,..,..
Channel Islands,CHI,2018,YR2018,..,..,..,..,..,..,..
Channel Islands,CHI,2019,YR2019,3.9,..,..,..,..,..,..
Chile,CHL,2017,YR2017,..,..,..,..,..,..,..
Chile,CHL,2018,YR2018,..,44.7,40.3,49.2,9.07,4.4,13.89
Chile,CHL,2019,YR2019,8.6,..,..,..,..,..,..
China,CHN,2017,YR2017,..,..,..,..,..,..,..
China,CHN,2018,YR2018,..,24.7,1.8,47.7,7.05,3.02,10.92
China,CHN,2019,YR2019,9.2,..,..,..,..,..,..
Colombia,COL,2017,YR2017,..,..,..,..,..,..,..
Colombia,COL,2018,YR2018,..,7.9,3.7,12.2,5.74,2.37,9.3
Colombia,COL,2019,YR2019,7.4,..,..,..,..,..,..
Comoros,COM,2017,YR2017,..,..,..,..,..,..,..
Comoros,COM,2018,YR2018,..,19.5,9.2,29.9,0.69,0.18,1.2
Comoros,COM,2019,YR2019,12.3,..,..,..,..,..,..
"Congo, Dem. Rep.",COD,2017,YR2017,..,..,..,..,..,..,..
"Congo, Dem. Rep.",COD,2018,YR2018,..,..,..,..,2,0.83,3.2
"Congo, Dem. Rep.",COD,2019,YR2019,6,..,..,..,..,..,..
"Congo, Rep.",COG,2017,YR2017,..,..,..,..,..,..,..
"Congo, Rep.",COG,2018,YR2018,..,16.1,2,30.1,9.27,3.96,14.63
"Congo, Rep.",COG,2019,YR2019,6,..,..,..,..,..,..
Costa Rica,CRI,2017,YR2017,..,..,..,..,..,..,..
Costa Rica,CRI,2018,YR2018,..,9.8,5,14.7,4.87,2,7.77
Costa Rica,CRI,2019,YR2019,9.1,..,..,..,..,..,..
Cote d'Ivoire,CIV,2017,YR2017,..,..,..,..,..,..,..
Cote d'Ivoire,CIV,2018,YR2018,..,13,1.6,24.3,2.71,1.05,4.3
Cote d'Ivoire,CIV,2019,YR2019,2.4,..,..,..,..,..,..
Croatia,HRV,2017,YR2017,..,..,..,..,..,..,..
Croatia,HRV,2018,YR2018,..,36.6,35.3,37.9,9.23,4.22,14.73
Croatia,HRV,2019,YR2019,5.4,..,..,..,..,..,..
Cuba,CUB,2017,YR2017,..,..,..,..,..,..,..
Cuba,CUB,2018,YR2018,..,27.1,14.5,39.7,5.83,2.44,9.25
Cuba,CUB,2019,YR2019,9.6,..,..,..,..,..,..
Curacao,CUW,2017,YR2017,..,..,..,..,..,..,..
Curacao,CUW,2018,YR2018,..,..,..,..,..,..,..
Curacao,CUW,2019,YR2019,11.6,..,..,..,..,..,..
Cyprus,CYP,2017,YR2017,..,..,..,..,..,..,..
Cyprus,CYP,2018,YR2018,..,36.7,23.3,50.1,10.81,4.76,16.92
Cyprus,CYP,2019,YR2019,9,..,..,..,..,..,..
Czech Republic,CZE,2017,YR2017,..,..,..,..,..,..,..
Czech Republic,CZE,2018,YR2018,..,31.5,27.3,35.6,14.45,6.99,22.28
Czech Republic,CZE,2019,YR2019,7,..,..,..,..,..,..
Denmark,DNK,2017,YR2017,..,..,..,..,..,..,..
Denmark,DNK,2018,YR2018,..,18.6,18.7,18.4,10.26,4.86,15.78
Denmark,DNK,2019,YR2019,8.3,..,..,..,..,..,..
Djibouti,DJI,2017,YR2017,..,..,..,..,..,..,..
Djibouti,DJI,2018,YR2018,..,..,..,..,0.43,0.12,0.75
Djibouti,DJI,2019,YR2019,5.1,..,..,..,..,..,..
Dominica,DMA,2017,YR2017,..,..,..,..,..,..,..
Dominica,DMA,2018,YR2018,..,..,..,..,11.18,4.57,18.07
Dominica,DMA,2019,YR2019,11.6,..,..,..,..,..,..
Dominican Republic,DOM,2017,YR2017,..,..,..,..,..,..,..
Dominican Republic,DOM,2018,YR2018,..,9.4,7.5,11.2,6.68,2.81,10.66
Dominican Republic,DOM,2019,YR2019,8.6,..,..,..,..,..,..
Early-demographic dividend,EAR,2017,YR2017,..,..,..,..,..,..,..
Early-demographic dividend,EAR,2018,YR2018,..,25.64550589,9.789639056,41.55317902,3.892436163,1.411423039,6.322282746
Early-demographic dividend,EAR,2019,YR2019,10.09091053,..,..,..,..,..,..
East Asia & Pacific,EAS,2017,YR2017,..,..,..,..,..,..,..
East Asia & Pacific,EAS,2018,YR2018,..,26.09752334,3.808844797,48.51724586,6.430730189,2.779650838,10.02935884
East Asia & Pacific,EAS,2019,YR2019,8.202460904,..,..,..,..,..,..
East Asia & Pacific (excluding high income),EAP,2017,YR2017,..,..,..,..,..,..,..
East Asia & Pacific (excluding high income),EAP,2018,YR2018,..,26.69591959,3.103981634,50.36369992,6.194505725,2.616929068,9.698231077
East Asia & Pacific (excluding high income),EAP,2019,YR2019,8.488061856,..,..,..,..,..,..
East Asia & Pacific (IDA & IBRD countries),TEA,2017,YR2017,..,..,..,..,..,..,..
East Asia & Pacific (IDA & IBRD countries),TEA,2018,YR2018,..,26.79941578,3.146426593,50.52516116,6.224374693,2.63183563,9.738992832
East Asia & Pacific (IDA & IBRD countries),TEA,2019,YR2019,8.514102225,..,..,..,..,..,..
Ecuador,ECU,2017,YR2017,..,..,..,..,..,..,..
Ecuador,ECU,2018,YR2018,..,..,..,..,4.2,2,6.43
Ecuador,ECU,2019,YR2019,5.5,..,..,..,..,..,..
"Egypt, Arab Rep.",EGY,2017,YR2017,..,..,..,..,..,..,..
"Egypt, Arab Rep.",EGY,2018,YR2018,..,21.4,0.4,42.3,0.36,0.097,0.62
"Egypt, Arab Rep.",EGY,2019,YR2019,17.2,..,..,..,..,..,..
El Salvador,SLV,2017,YR2017,..,..,..,..,..,..,..
El Salvador,SLV,2018,YR2018,..,12.7,2.5,22.8,3.89,1.67,6.57
El Salvador,SLV,2019,YR2019,8.8,..,..,..,..,..,..
Equatorial Guinea,GNQ,2017,YR2017,..,..,..,..,..,..,..
Equatorial Guinea,GNQ,2018,YR2018,..,..,..,..,7.23,3.27,10.07
Equatorial Guinea,GNQ,2019,YR2019,6,..,..,..,..,..,..
Eritrea,ERI,2017,YR2017,..,..,..,..,..,..,..
Eritrea,ERI,2018,YR2018,..,7.2,0.3,14.2,1.44,0.5,2.39
Eritrea,ERI,2019,YR2019,5.1,..,..,..,..,..,..
Estonia,EST,2017,YR2017,..,..,..,..,..,..,..
Estonia,EST,2018,YR2018,..,30.5,24.1,36.9,9.23,4.35,14.96
Estonia,EST,2019,YR2019,4.2,..,..,..,..,..,..
Eswatini,SWZ,2017,YR2017,..,..,..,..,..,..,..
Eswatini,SWZ,2018,YR2018,..,10.7,2.2,19.1,10.04,3.76,17.02
Eswatini,SWZ,2019,YR2019,4.5,..,..,..,..,..,..
Ethiopia,ETH,2017,YR2017,..,..,..,..,..,..,..
Ethiopia,ETH,2018,YR2018,..,4.6,0.9,8.3,2.36,0.83,3.91
Ethiopia,ETH,2019,YR2019,4.3,..,..,..,..,..,..
Euro area,EMU,2017,YR2017,..,..,..,..,..,..,..
Euro area,EMU,2018,YR2018,..,28.37003483,25.81670177,30.85378922,11.40251253,5.34210289,17.80818235
Euro area,EMU,2019,YR2019,6.761899919,..,..,..,..,..,..
Europe & Central Asia,ECS,2017,YR2017,..,..,..,..,..,..,..
Europe & Central Asia,ECS,2018,YR2018,..,26.88118825,19.7307694,33.78228045,9.764031941,4.390148083,15.60493435
Europe & Central Asia,ECS,2019,YR2019,6.687622963,..,..,..,..,..,..
Europe & Central Asia (excluding high income),ECA,2017,YR2017,..,..,..,..,..,..,..
Europe & Central Asia (excluding high income),ECA,2018,YR2018,..,26.9140464,13.80814414,39.93890794,7.680729612,3.184688714,12.74935021
Europe & Central Asia (excluding high income),ECA,2019,YR2019,7.215087542,..,..,..,..,..,..
Europe & Central Asia (IDA & IBRD countries),TEC,2017,YR2017,..,..,..,..,..,..,..
Europe & Central Asia (IDA & IBRD countries),TEC,2018,YR2018,..,26.92645988,14.72066873,39.01436232,8.053197891,3.403322811,13.28103702
Europe & Central Asia (IDA & IBRD countries),TEC,2019,YR2019,7.099250722,..,..,..,..,..,..
European Union,EUU,2017,YR2017,..,..,..,..,..,..,..
European Union,EUU,2018,YR2018,..,28.29444445,25.29211027,31.21664632,11.44471551,5.371239519,17.89387213
European Union,EUU,2019,YR2019,6.67189385,..,..,..,..,..,..
Faroe Islands,FRO,2017,YR2017,..,..,..,..,..,..,..
Faroe Islands,FRO,2018,YR2018,..,..,..,..,..,..,..
Faroe Islands,FRO,2019,YR2019,4.7,..,..,..,..,..,..
Fiji,FJI,2017,YR2017,..,..,..,..,..,..,..
Fiji,FJI,2018,YR2018,..,26.7,11.1,42.3,3.32,1.11,5.49
Fiji,FJI,2019,YR2019,14.7,..,..,..,..,..,..
Finland,FIN,2017,YR2017,..,..,..,..,..,..,..
Finland,FIN,2018,YR2018,..,19.7,18.3,21,10.78,5.05,16.77
Finland,FIN,2019,YR2019,5.6,..,..,..,..,..,..
Fragile and conflict affected situations,FCS,2017,YR2017,..,..,..,..,..,..,..
Fragile and conflict affected situations,FCS,2018,YR2018,..,13.98157465,4.683280223,23.05385674,4.358818954,1.703686786,7.058438336
Fragile and conflict affected situations,FCS,2019,YR2019,6.235320341,..,..,..,..,..,..
France,FRA,2017,YR2017,..,..,..,..,..,..,..
France,FRA,2018,YR2018,..,34.6,33.2,36,12.33,5.83,19.18
France,FRA,2019,YR2019,4.8,..,..,..,..,..,..
French Polynesia,PYF,2017,YR2017,..,..,..,..,..,..,..
French Polynesia,PYF,2018,YR2018,..,..,..,..,..,..,..
French Polynesia,PYF,2019,YR2019,19.5,..,..,..,..,..,..
Gabon,GAB,2017,YR2017,..,..,..,..,..,..,..
Gabon,GAB,2018,YR2018,..,..,..,..,8.74,3.97,13.17
Gabon,GAB,2019,YR2019,6,..,..,..,..,..,..
"Gambia, The",GMB,2017,YR2017,..,..,..,..,..,..,..
"Gambia, The",GMB,2018,YR2018,..,14.4,1.5,27.3,3.55,1.16,6.07
"Gambia, The",GMB,2019,YR2019,1.9,..,..,..,..,..,..
Georgia,GEO,2017,YR2017,..,..,..,..,..,..,..
Georgia,GEO,2018,YR2018,..,29.7,5.2,54.2,8.25,3.59,13.58
Georgia,GEO,2019,YR2019,5.8,..,..,..,..,..,..
Germany,DEU,2017,YR2017,..,..,..,..,..,..,..
Germany,DEU,2018,YR2018,..,28,26,29.9,12.91,6.21,19.9
Germany,DEU,2019,YR2019,10.4,..,..,..,..,..,..
Ghana,GHA,2017,YR2017,..,..,..,..,..,..,..
Ghana,GHA,2018,YR2018,..,3.7,0.4,7,2.75,1.17,4.4
Ghana,GHA,2019,YR2019,2.5,..,..,..,..,..,..
Gibraltar,GIB,2017,YR2017,..,..,..,..,..,..,..
Gibraltar,GIB,2018,YR2018,..,..,..,..,..,..,..
Gibraltar,GIB,2019,YR2019,..,..,..,..,..,..,..
Greece,GRC,2017,YR2017,..,..,..,..,..,..,..
Greece,GRC,2018,YR2018,..,39.1,32.8,45.3,10.18,4.46,16.17
Greece,GRC,2019,YR2019,4.7,..,..,..,..,..,..
Greenland,GRL,2017,YR2017,..,..,..,..,..,..,..
Greenland,GRL,2018,YR2018,..,..,..,..,..,..,..
Greenland,GRL,2019,YR2019,2.1,..,..,..,..,..,..
Grenada,GRD,2017,YR2017,..,..,..,..,..,..,..
Grenada,GRD,2018,YR2018,..,..,..,..,9.48,3.92,15.07
Grenada,GRD,2019,YR2019,10.7,..,..,..,..,..,..
Guam,GUM,2017,YR2017,..,..,..,..,..,..,..
Guam,GUM,2018,YR2018,..,..,..,..,..,..,..
Guam,GUM,2019,YR2019,18.7,..,..,..,..,..,..
Guatemala,GTM,2017,YR2017,..,..,..,..,..,..,..
Guatemala,GTM,2018,YR2018,..,..,..,..,2.45,1.04,3.97
Guatemala,GTM,2019,YR2019,10,..,..,..,..,..,..
Guinea,GIN,2017,YR2017,..,..,..,..,..,..,..
Guinea,GIN,2018,YR2018,..,..,..,..,1.11,0.34,1.89
Guinea,GIN,2019,YR2019,2.4,..,..,..,..,..,..
Guinea-Bissau,GNB,2017,YR2017,..,..,..,..,..,..,..
Guinea-Bissau,GNB,2018,YR2018,..,..,..,..,5.38,2.01,8.95
Guinea-Bissau,GNB,2019,YR2019,2.4,..,..,..,..,..,..
Guyana,GUY,2017,YR2017,..,..,..,..,..,..,..
Guyana,GUY,2018,YR2018,..,12.2,2.2,22.1,6.89,2.73,11.02
Guyana,GUY,2019,YR2019,11.6,..,..,..,..,..,..
Haiti,HTI,2017,YR2017,..,..,..,..,..,..,..
Haiti,HTI,2018,YR2018,..,8.3,3.3,13.3,2.73,1.07,4.47
Haiti,HTI,2019,YR2019,6.7,..,..,..,..,..,..
Heavily indebted poor countries (HIPC),HPC,2017,YR2017,..,..,..,..,..,..,..
Heavily indebted poor countries (HIPC),HPC,2018,YR2018,..,10.77648385,3.103495922,18.43819385,4.065759856,1.554853208,6.640223491
Heavily indebted poor countries (HIPC),HPC,2019,YR2019,5.729319261,..,..,..,..,..,..
High income,HIC,2017,YR2017,..,..,..,..,..,..,..
High income,HIC,2018,YR2018,..,24.75186596,19.18496936,30.57001102,9.779655995,4.682302738,14.96104849
High income,HIC,2019,YR2019,7.93535064,..,..,..,..,..,..
Honduras,HND,2017,YR2017,..,..,..,..,..,..,..
Honduras,HND,2018,YR2018,..,..,..,..,3.76,1.5,6.07
Honduras,HND,2019,YR2019,7.3,..,..,..,..,..,..
"Hong Kong SAR, China",HKG,2017,YR2017,..,..,..,..,..,..,..
"Hong Kong SAR, China",HKG,2018,YR2018,..,..,..,..,..,..,..
"Hong Kong SAR, China",HKG,2019,YR2019,4.5,..,..,..,..,..,..
Hungary,HUN,2017,YR2017,..,..,..,..,..,..,..
Hungary,HUN,2018,YR2018,..,30.6,26.4,34.8,11.35,5.38,18.1
Hungary,HUN,2019,YR2019,6.9,..,..,..,..,..,..
IBRD only,IBD,2017,YR2017,..,..,..,..,..,..,..
IBRD only,IBD,2018,YR2018,..,..,..,..,..,..,..
IBRD only,IBD,2019,YR2019,..,..,..,..,..,..,..
Iceland,ISL,2017,YR2017,..,..,..,..,..,..,..
Iceland,ISL,2018,YR2018,..,13.8,13.7,13.9,9.12,4.34,13.9
Iceland,ISL,2019,YR2019,5.8,..,..,..,..,..,..
IDA & IBRD total,IBT,2017,YR2017,..,..,..,..,..,..,..
IDA & IBRD total,IBT,2018,YR2018,..,23.73063995,7.388887209,40.25252906,5.487421484,2.209313274,8.752943559
IDA & IBRD total,IBT,2019,YR2019,8.986872626,..,..,..,..,..,..
IDA blend,IDB,2017,YR2017,..,..,..,..,..,..,..
IDA blend,IDB,2018,YR2018,..,..,..,..,..,..,..
IDA blend,IDB,2019,YR2019,..,..,..,..,..,..,..
IDA only,IDX,2017,YR2017,..,..,..,..,..,..,..
IDA only,IDX,2018,YR2018,..,..,..,..,..,..,..
IDA only,IDX,2019,YR2019,..,..,..,..,..,..,..
IDA total,IDA,2017,YR2017,..,..,..,..,..,..,..
IDA total,IDA,2018,YR2018,..,..,..,..,..,..,..
IDA total,IDA,2019,YR2019,..,..,..,..,..,..,..
India,IND,2017,YR2017,..,..,..,..,..,..,..
India,IND,2018,YR2018,..,27,12.1,42,5.54,1.88,8.99
India,IND,2019,YR2019,10.4,..,..,..,..,..,..
Indonesia,IDN,2017,YR2017,..,..,..,..,..,..,..
Indonesia,IDN,2018,YR2018,..,37.9,5.3,70.5,0.57,0.17,0.98
Indonesia,IDN,2019,YR2019,6.3,..,..,..,..,..,..
"Iran, Islamic Rep.",IRN,2017,YR2017,..,..,..,..,..,..,..
"Iran, Islamic Rep.",IRN,2018,YR2018,..,14,3.5,24.6,1.03,0.26,1.79
"Iran, Islamic Rep.",IRN,2019,YR2019,9.6,..,..,..,..,..,..
Iraq,IRQ,2017,YR2017,..,..,..,..,..,..,..
Iraq,IRQ,2018,YR2018,..,22.2,3.6,40.8,0.39,0.11,0.67
Iraq,IRQ,2019,YR2019,8.8,..,..,..,..,..,..
Ireland,IRL,2017,YR2017,..,..,..,..,..,..,..
Ireland,IRL,2018,YR2018,..,23.6,21.2,26.1,12.88,6.38,19.62
Ireland,IRL,2019,YR2019,3.2,..,..,..,..,..,..
Isle of Man,IMN,2017,YR2017,..,..,..,..,..,..,..
Isle of Man,IMN,2018,YR2018,..,..,..,..,..,..,..
Isle of Man,IMN,2019,YR2019,..,..,..,..,..,..,..
Israel,ISR,2017,YR2017,..,..,..,..,..,..,..
Israel,ISR,2018,YR2018,..,25.5,15.8,35.2,4.21,1.93,6.58
Israel,ISR,2019,YR2019,9.7,..,..,..,..,..,..
Italy,ITA,2017,YR2017,..,..,..,..,..,..,..
Italy,ITA,2018,YR2018,..,23.4,19.6,27.1,7.84,3.52,12.46
Italy,ITA,2019,YR2019,5,..,..,..,..,..,..
Jamaica,JAM,2017,YR2017,..,..,..,..,..,..,..
Jamaica,JAM,2018,YR2018,..,11,4.2,17.7,4.22,1.7,6.79
Jamaica,JAM,2019,YR2019,11.3,..,..,..,..,..,..
Japan,JPN,2017,YR2017,..,..,..,..,..,..,..
Japan,JPN,2018,YR2018,..,21.9,10.5,33.2,7.96,3.89,12.29
Japan,JPN,2019,YR2019,5.6,..,..,..,..,..,..
Jordan,JOR,2017,YR2017,..,..,..,..,..,..,..
Jordan,JOR,2018,YR2018,..,..,..,..,0.69,0.19,1.19
Jordan,JOR,2019,YR2019,12.7,..,..,..,..,..,..
Kazakhstan,KAZ,2017,YR2017,..,..,..,..,..,..,..
Kazakhstan,KAZ,2018,YR2018,..,24.4,6.6,42.2,4.76,1.93,7.92
Kazakhstan,KAZ,2019,YR2019,6.1,..,..,..,..,..,..
Kenya,KEN,2017,YR2017,..,..,..,..,..,..,..
Kenya,KEN,2018,YR2018,..,11.8,2.8,20.8,2.78,1.07,4.55
Kenya,KEN,2019,YR2019,3.1,..,..,..,..,..,..
Kiribati,KIR,2017,YR2017,..,..,..,..,..,..,..
Kiribati,KIR,2018,YR2018,..,52,35.5,68.6,0.46,0.16,0.77
Kiribati,KIR,2019,YR2019,22.5,..,..,..,..,..,..
"Korea, Dem. People's Rep.",PRK,2017,YR2017,..,..,..,..,..,..,..
"Korea, Dem. People's Rep.",PRK,2018,YR2018,..,18.8,0,37.5,3.8,1.47,6.29
"Korea, Dem. People's Rep.",PRK,2019,YR2019,6.4,..,..,..,..,..,..
"Korea, Rep.",KOR,2017,YR2017,..,..,..,..,..,..,..
"Korea, Rep.",KOR,2018,YR2018,..,22,5.9,38.2,9.7,4.8,14.65
"Korea, Rep.",KOR,2019,YR2019,6.9,..,..,..,..,..,..
Kosovo,XKX,2017,YR2017,..,..,..,..,..,..,..
Kosovo,XKX,2018,YR2018,..,..,..,..,..,..,..
Kosovo,XKX,2019,YR2019,..,..,..,..,..,..,..
Kuwait,KWT,2017,YR2017,..,..,..,..,..,..,..
Kuwait,KWT,2018,YR2018,..,22.1,3.4,40.9,0.003,0.001,0.004
Kuwait,KWT,2019,YR2019,12.2,..,..,..,..,..,..
Kyrgyz Republic,KGZ,2017,YR2017,..,..,..,..,..,..,..
Kyrgyz Republic,KGZ,2018,YR2018,..,27.9,3.4,52.5,6.26,1.95,10.79
Kyrgyz Republic,KGZ,2019,YR2019,6.1,..,..,..,..,..,..
Lao PDR,LAO,2017,YR2017,..,..,..,..,..,..,..
Lao PDR,LAO,2018,YR2018,..,37.8,15.5,60.1,10.72,4.55,17.05
Lao PDR,LAO,2019,YR2019,6.4,..,..,..,..,..,..
Late-demographic dividend,LTE,2017,YR2017,..,..,..,..,..,..,..
Late-demographic dividend,LTE,2018,YR2018,..,23.69365177,5.138044629,42.5874114,7.24966961,3.11762166,11.36376737
Late-demographic dividend,LTE,2019,YR2019,8.830811226,..,..,..,..,..,..
Latin America & Caribbean,LCN,2017,YR2017,..,..,..,..,..,..,..
Latin America & Caribbean,LCN,2018,YR2018,..,15.91747683,10.08943989,21.72197816,6.331605519,2.804209764,10.02481271
Latin America & Caribbean,LCN,2019,YR2019,9.694271126,..,..,..,..,..,..
Latin America & Caribbean (excluding high income),LAC,2017,YR2017,..,..,..,..,..,..,..
Latin America & Caribbean (excluding high income),LAC,2018,YR2018,..,14.79484042,8.903966966,20.65704041,6.33674686,2.795524541,10.04720893
Latin America & Caribbean (excluding high income),LAC,2019,YR2019,9.840786144,..,..,..,..,..,..
Latin America & the Caribbean (IDA & IBRD countries),TLA,2017,YR2017,..,..,..,..,..,..,..
Latin America & the Caribbean (IDA & IBRD countries),TLA,2018,YR2018,..,15.6631486,9.997369411,21.29957521,6.341037019,2.811247818,10.03926579
Latin America & the Caribbean (IDA & IBRD countries),TLA,2019,YR2019,9.67106673,..,..,..,..,..,..
Latvia,LVA,2017,YR2017,..,..,..,..,..,..,..
Latvia,LVA,2018,YR2018,..,36.7,24,49.5,12.77,6.11,20.92
Latvia,LVA,2019,YR2019,5,..,..,..,..,..,..
Least developed countries: UN classification,LDC,2017,YR2017,..,..,..,..,..,..,..
Least developed countries: UN classification,LDC,2018,YR2018,..,22.74541904,9.335679508,36.20033262,3.33836611,1.287296494,5.444874503
Least developed countries: UN classification,LDC,2019,YR2019,6.442058445,..,..,..,..,..,..
Lebanon,LBN,2017,YR2017,..,..,..,..,..,..,..
Lebanon,LBN,2018,YR2018,..,42.6,35.9,49.4,1.71,0.55,2.86
Lebanon,LBN,2019,YR2019,11.2,..,..,..,..,..,..
Lesotho,LSO,2017,YR2017,..,..,..,..,..,..,..
Lesotho,LSO,2018,YR2018,..,29.7,4.6,54.7,4.59,1.59,7.89
Lesotho,LSO,2019,YR2019,4.5,..,..,..,..,..,..
Liberia,LBR,2017,YR2017,..,..,..,..,..,..,..
Liberia,LBR,2018,YR2018,..,8.4,1.8,15.1,6.12,2.51,9.74
Liberia,LBR,2019,YR2019,2.4,..,..,..,..,..,..
Libya,LBY,2017,YR2017,..,..,..,..,..,..,..
Libya,LBY,2018,YR2018,..,..,..,..,0.019,0.005,0.034
Libya,LBY,2019,YR2019,10.2,..,..,..,..,..,..
Liechtenstein,LIE,2017,YR2017,..,..,..,..,..,..,..
Liechtenstein,LIE,2018,YR2018,..,..,..,..,..,..,..
Liechtenstein,LIE,2019,YR2019,9.4,..,..,..,..,..,..
Lithuania,LTU,2017,YR2017,..,..,..,..,..,..,..
Lithuania,LTU,2018,YR2018,..,27.1,19,35.3,13.22,6.56,21.29
Lithuania,LTU,2019,YR2019,3.8,..,..,..,..,..,..
Low & middle income,LMY,2017,YR2017,..,..,..,..,..,..,..
Low & middle income,LMY,2018,YR2018,..,23.61534543,7.108461906,40.29063715,5.4271187,2.173873075,8.665307289
Low & middle income,LMY,2019,YR2019,9.010097774,..,..,..,..,..,..
Low income,LIC,2017,YR2017,..,..,..,..,..,..,..
Low income,LIC,2018,YR2018,..,..,..,..,3.195235954,1.208398357,5.215845329
Low income,LIC,2019,YR2019,6.391683468,..,..,..,..,..,..
Lower middle income,LMC,2017,YR2017,..,..,..,..,..,..,..
Lower middle income,LMC,2018,YR2018,..,25.13385493,8.834213747,41.42607754,4.43451737,1.61685679,7.212508537
Lower middle income,LMC,2019,YR2019,9.22358197,..,..,..,..,..,..
Luxembourg,LUX,2017,YR2017,..,..,..,..,..,..,..
Luxembourg,LUX,2018,YR2018,..,21.7,19.8,23.6,12.94,6.36,19.51
Luxembourg,LUX,2019,YR2019,5,..,..,..,..,..,..
"Macao SAR, China",MAC,2017,YR2017,..,..,..,..,..,..,..
"Macao SAR, China",MAC,2018,YR2018,..,..,..,..,..,..,..
"Macao SAR, China",MAC,2019,YR2019,4.3,..,..,..,..,..,..
Madagascar,MDG,2017,YR2017,..,..,..,..,..,..,..
Madagascar,MDG,2018,YR2018,..,28.9,11,46.9,1.97,0.76,3.2
Madagascar,MDG,2019,YR2019,4.5,..,..,..,..,..,..
Malawi,MWI,2017,YR2017,..,..,..,..,..,..,..
Malawi,MWI,2018,YR2018,..,12.8,5.2,20.4,3.63,1.38,6
Malawi,MWI,2019,YR2019,4.5,..,..,..,..,..,..
Malaysia,MYS,2017,YR2017,..,..,..,..,..,..,..
Malaysia,MYS,2018,YR2018,..,21.8,1,42.7,0.85,0.32,1.35
Malaysia,MYS,2019,YR2019,16.7,..,..,..,..,..,..
Maldives,MDV,2017,YR2017,..,..,..,..,..,..,..
Maldives,MDV,2018,YR2018,..,..,..,..,2.22,0.5,3.45
Maldives,MDV,2019,YR2019,9.2,..,..,..,..,..,..
Mali,MLI,2017,YR2017,..,..,..,..,..,..,..
Mali,MLI,2018,YR2018,..,12,1.7,22.4,1.28,0.38,2.2
Mali,MLI,2019,YR2019,2.4,..,..,..,..,..,..
Malta,MLT,2017,YR2017,..,..,..,..,..,..,..
Malta,MLT,2018,YR2018,..,25.1,22.5,27.8,7.99,3.56,12.42
Malta,MLT,2019,YR2019,8.3,..,..,..,..,..,..
Marshall Islands,MHL,2017,YR2017,..,..,..,..,..,..,..
Marshall Islands,MHL,2018,YR2018,..,..,..,..,..,..,..
Marshall Islands,MHL,2019,YR2019,30.5,..,..,..,..,..,..
Mauritania,MRT,2017,YR2017,..,..,..,..,..,..,..
Mauritania,MRT,2018,YR2018,..,..,..,..,0.036,0.009,0.062
Mauritania,MRT,2019,YR2019,7.1,..,..,..,..,..,..
Mauritius,MUS,2017,YR2017,..,..,..,..,..,..,..
Mauritius,MUS,2018,YR2018,..,26.9,5.4,48.3,4.35,1.81,6.97
Mauritius,MUS,2019,YR2019,22,..,..,..,..,..,..
Mexico,MEX,2017,YR2017,..,..,..,..,..,..,..
Mexico,MEX,2018,YR2018,..,13.9,6.5,21.2,5,2.13,7.95
Mexico,MEX,2019,YR2019,13.5,..,..,..,..,..,..
"Micronesia, Fed. Sts.",FSM,2017,YR2017,..,..,..,..,..,..,..
"Micronesia, Fed. Sts.",FSM,2018,YR2018,..,..,..,..,2.48,0.84,4.06
"Micronesia, Fed. Sts.",FSM,2019,YR2019,11.9,..,..,..,..,..,..
Middle East & North Africa,MEA,2017,YR2017,..,..,..,..,..,..,..
Middle East & North Africa,MEA,2018,YR2018,..,18.8811298,3.391609102,34.33140264,0.812701073,0.223606865,1.347982442
Middle East & North Africa,MEA,2019,YR2019,11.37388398,..,..,..,..,..,..
Middle East & North Africa (excluding high income),MNA,2017,YR2017,..,..,..,..,..,..,..
Middle East & North Africa (excluding high income),MNA,2018,YR2018,..,19.07714076,3.20107192,34.96620534,0.682973122,0.180533174,1.183291362
Middle East & North Africa (excluding high income),MNA,2019,YR2019,10.79064373,..,..,..,..,..,..
Middle East & North Africa (IDA & IBRD countries),TMN,2017,YR2017,..,..,..,..,..,..,..
Middle East & North Africa (IDA & IBRD countries),TMN,2018,YR2018,..,19.07714076,3.20107192,34.96620534,0.682973122,0.180533174,1.183291362
Middle East & North Africa (IDA & IBRD countries),TMN,2019,YR2019,10.80461564,..,..,..,..,..,..
Middle income,MIC,2017,YR2017,..,..,..,..,..,..,..
Middle income,MIC,2018,YR2018,..,24.2672946,7.30701638,41.38680193,5.615465949,2.256833252,8.951138104
Middle income,MIC,2019,YR2019,9.239025356,..,..,..,..,..,..
Moldova,MDA,2017,YR2017,..,..,..,..,..,..,..
Moldova,MDA,2018,YR2018,..,25.3,6,44.6,11.43,5.27,18.29
Moldova,MDA,2019,YR2019,5.7,..,..,..,..,..,..
Monaco,MCO,2017,YR2017,..,..,..,..,..,..,..
Monaco,MCO,2018,YR2018,..,..,..,..,..,..,..
Monaco,MCO,2019,YR2019,2.9,..,..,..,..,..,..
Mongolia,MNG,2017,YR2017,..,..,..,..,..,..,..
Mongolia,MNG,2018,YR2018,..,27.6,6.2,49.1,8.19,3.77,12.79
Mongolia,MNG,2019,YR2019,4.7,..,..,..,..,..,..
Montenegro,MNE,2017,YR2017,..,..,..,..,..,..,..
Montenegro,MNE,2018,YR2018,..,..,..,..,11.47,4.97,18.3
Montenegro,MNE,2019,YR2019,9,..,..,..,..,..,..
Morocco,MAR,2017,YR2017,..,..,..,..,..,..,..
Morocco,MAR,2018,YR2018,..,14.7,0.9,28.6,0.69,0.18,1.22
Morocco,MAR,2019,YR2019,7,..,..,..,..,..,..
Mozambique,MOZ,2017,YR2017,..,..,..,..,..,..,..
Mozambique,MOZ,2018,YR2018,..,14.4,5.4,23.4,2.3,0.88,3.86
Mozambique,MOZ,2019,YR2019,3.3,..,..,..,..,..,..
Myanmar,MMR,2017,YR2017,..,..,..,..,..,..,..
Myanmar,MMR,2018,YR2018,..,45.5,20.8,70.2,5.12,2.02,8.43
Myanmar,MMR,2019,YR2019,3.9,..,..,..,..,..,..
Namibia,NAM,2017,YR2017,..,..,..,..,..,..,..
Namibia,NAM,2018,YR2018,..,17.9,7.4,28.4,5.43,2.07,9.1
Namibia,NAM,2019,YR2019,4.5,..,..,..,..,..,..
Nauru,NRU,2017,YR2017,..,..,..,..,..,..,..
Nauru,NRU,2018,YR2018,..,52.1,52.6,51.7,3.71,1.26,6.16
Nauru,NRU,2019,YR2019,12,..,..,..,..,..,..
Nepal,NPL,2017,YR2017,..,..,..,..,..,..,..
Nepal,NPL,2018,YR2018,..,31.9,15.3,48.6,2.05,0.76,3.49
Nepal,NPL,2019,YR2019,7.2,..,..,..,..,..,..
Netherlands,NLD,2017,YR2017,..,..,..,..,..,..,..
Netherlands,NLD,2018,YR2018,..,23.4,21.3,25.6,9.61,4.51,14.83
Netherlands,NLD,2019,YR2019,5.4,..,..,..,..,..,..
New Caledonia,NCL,2017,YR2017,..,..,..,..,..,..,..
New Caledonia,NCL,2018,YR2018,..,..,..,..,..,..,..
New Caledonia,NCL,2019,YR2019,21.8,..,..,..,..,..,..
New Zealand,NZL,2017,YR2017,..,..,..,..,..,..,..
New Zealand,NZL,2018,YR2018,..,14.8,13.5,16.1,10.63,5.19,16.36
New Zealand,NZL,2019,YR2019,6.2,..,..,..,..,..,..
Nicaragua,NIC,2017,YR2017,..,..,..,..,..,..,..
Nicaragua,NIC,2018,YR2018,..,..,..,..,5.18,2.07,8.48
Nicaragua,NIC,2019,YR2019,11.4,..,..,..,..,..,..
Niger,NER,2017,YR2017,..,..,..,..,..,..,..
Niger,NER,2018,YR2018,..,8.6,0.8,16.3,0.67,0.2,1.16
Niger,NER,2019,YR2019,2.4,..,..,..,..,..,..
Nigeria,NGA,2017,YR2017,..,..,..,..,..,..,..
Nigeria,NGA,2018,YR2018,..,4.8,0.5,9,10.84,4.37,17.24
Nigeria,NGA,2019,YR2019,3.1,..,..,..,..,..,..
North America,NAC,2017,YR2017,..,..,..,..,..,..,..
North America,NAC,2018,YR2018,..,24.30171322,18.57788966,30.03542681,9.772314908,4.580347407,15.14871609
North America,NAC,2019,YR2019,10.46148847,..,..,..,..,..,..
North Macedonia,MKD,2017,YR2017,..,..,..,..,..,..,..
North Macedonia,MKD,2018,YR2018,..,..,..,..,6.16,2.44,9.93
North Macedonia,MKD,2019,YR2019,9.3,..,..,..,..,..,..
Northern Mariana Islands,MNP,2017,YR2017,..,..,..,..,..,..,..
Northern Mariana Islands,MNP,2018,YR2018,..,..,..,..,..,..,..
Northern Mariana Islands,MNP,2019,YR2019,..,..,..,..,..,..,..
Norway,NOR,2017,YR2017,..,..,..,..,..,..,..
Norway,NOR,2018,YR2018,..,13,10.5,15.5,7.41,3.58,11.2
Norway,NOR,2019,YR2019,5.3,..,..,..,..,..,..
Not classified,INX,2017,YR2017,..,..,..,..,..,..,..
Not classified,INX,2018,YR2018,..,..,..,..,..,..,..
Not classified,INX,2019,YR2019,..,..,..,..,..,..,..
OECD members,OED,2017,YR2017,..,..,..,..,..,..,..
OECD members,OED,2018,YR2018,..,23.79191227,17.89954094,29.66249822,9.192062122,4.295530834,14.32002808
OECD members,OED,2019,YR2019,8.320516057,..,..,..,..,..,..
Oman,OMN,2017,YR2017,..,..,..,..,..,..,..
Oman,OMN,2018,YR2018,..,9.6,0.7,18.5,0.78,0.19,1.04
Oman,OMN,2019,YR2019,10.1,..,..,..,..,..,..
Other small states,OSS,2017,YR2017,..,..,..,..,..,..,..
Other small states,OSS,2018,YR2018,..,22.60380695,9.256470969,36.04117684,5.115111992,2.253625954,7.533480663
Other small states,OSS,2019,YR2019,8.241798205,..,..,..,..,..,..
Pacific island small states,PSS,2017,YR2017,..,..,..,..,..,..,..
Pacific island small states,PSS,2018,YR2018,..,31.02746499,14.32252398,47.7140091,2.471719194,0.830989552,4.093618897
Pacific island small states,PSS,2019,YR2019,15.32532765,..,..,..,..,..,..
Pakistan,PAK,2017,YR2017,..,..,..,..,..,..,..
Pakistan,PAK,2018,YR2018,..,20,6.4,33.6,0.34,0.11,0.57
Pakistan,PAK,2019,YR2019,19.9,..,..,..,..,..,..
Palau,PLW,2017,YR2017,..,..,..,..,..,..,..
Palau,PLW,2018,YR2018,..,23.7,11.2,36.3,..,..,..
Palau,PLW,2019,YR2019,17.9,..,..,..,..,..,..
Panama,PAN,2017,YR2017,..,..,..,..,..,..,..
Panama,PAN,2018,YR2018,..,6.9,2.7,11.1,7.98,3.44,12.57
Panama,PAN,2019,YR2019,7.7,..,..,..,..,..,..
Papua New Guinea,PNG,2017,YR2017,..,..,..,..,..,..,..
Papua New Guinea,PNG,2018,YR2018,..,..,..,..,1.39,0.47,2.3
Papua New Guinea,PNG,2019,YR2019,17.9,..,..,..,..,..,..
Paraguay,PRY,2017,YR2017,..,..,..,..,..,..,..
Paraguay,PRY,2018,YR2018,..,12.8,4.7,20.8,7.58,3.18,11.86
Paraguay,PRY,2019,YR2019,9.6,..,..,..,..,..,..
Peru,PER,2017,YR2017,..,..,..,..,..,..,..
Peru,PER,2018,YR2018,..,9.6,3.6,15.6,6.38,3.06,9.77
Peru,PER,2019,YR2019,6.6,..,..,..,..,..,..
Philippines,PHL,2017,YR2017,..,..,..,..,..,..,..
Philippines,PHL,2018,YR2018,..,24.3,7,41.6,6.86,2.8,10.95
Philippines,PHL,2019,YR2019,7.1,..,..,..,..,..,..
Poland,POL,2017,YR2017,..,..,..,..,..,..,..
Poland,POL,2018,YR2018,..,26,21.6,30.3,11.71,5.58,18.41
Poland,POL,2019,YR2019,6.1,..,..,..,..,..,..
Portugal,PRT,2017,YR2017,..,..,..,..,..,..,..
Portugal,PRT,2018,YR2018,..,27.9,22.4,33.3,12.03,5.56,19.41
Portugal,PRT,2019,YR2019,9.8,..,..,..,..,..,..
Post-demographic dividend,PST,2017,YR2017,..,..,..,..,..,..,..
Post-demographic dividend,PST,2018,YR2018,..,24.90867941,18.912642,30.83215265,10.09703177,4.757360619,15.71142188
Post-demographic dividend,PST,2019,YR2019,7.579990606,..,..,..,..,..,..
Pre-demographic dividend,PRE,2017,YR2017,..,..,..,..,..,..,..
Pre-demographic dividend,PRE,2018,YR2018,..,11.29420443,2.811128788,19.73082141,5.567612589,2.177046734,9.022718497
Pre-demographic dividend,PRE,2019,YR2019,5.371279804,..,..,..,..,..,..
Puerto Rico,PRI,2017,YR2017,..,..,..,..,..,..,..
Puerto Rico,PRI,2018,YR2018,..,..,..,..,..,..,..
Puerto Rico,PRI,2019,YR2019,13.7,..,..,..,..,..,..
Qatar,QAT,2017,YR2017,..,..,..,..,..,..,..
Qatar,QAT,2018,YR2018,..,14,1.3,26.7,1.59,0.4,1.91
Qatar,QAT,2019,YR2019,15.6,..,..,..,..,..,..
Romania,ROU,2017,YR2017,..,..,..,..,..,..,..
Romania,ROU,2018,YR2018,..,25.5,15.8,35.2,11.74,5.45,18.57
Romania,ROU,2019,YR2019,6.9,..,..,..,..,..,..
Russian Federation,RUS,2017,YR2017,..,..,..,..,..,..,..
Russian Federation,RUS,2018,YR2018,..,28.3,15.7,40.9,11.19,4.58,19.12
Russian Federation,RUS,2019,YR2019,6.1,..,..,..,..,..,..
Rwanda,RWA,2017,YR2017,..,..,..,..,..,..,..
Rwanda,RWA,2018,YR2018,..,13.3,6.9,19.7,8.95,3.51,14.75
Rwanda,RWA,2019,YR2019,5.1,..,..,..,..,..,..
Samoa,WSM,2017,YR2017,..,..,..,..,..,..,..
Samoa,WSM,2018,YR2018,..,28.9,16.9,40.8,2.66,0.88,4.33
Samoa,WSM,2019,YR2019,9.2,..,..,..,..,..,..
San Marino,SMR,2017,YR2017,..,..,..,..,..,..,..
San Marino,SMR,2018,YR2018,..,..,..,..,..,..,..
San Marino,SMR,2019,YR2019,5.9,..,..,..,..,..,..
Sao Tome and Principe,STP,2017,YR2017,..,..,..,..,..,..,..
Sao Tome and Principe,STP,2018,YR2018,..,5.4,1.4,9.5,5.88,2.55,9.3
Sao Tome and Principe,STP,2019,YR2019,2.4,..,..,..,..,..,..
Saudi Arabia,SAU,2017,YR2017,..,..,..,..,..,..,..
Saudi Arabia,SAU,2018,YR2018,..,16.6,2,31.2,0.19,0.042,0.29
Saudi Arabia,SAU,2019,YR2019,15.8,..,..,..,..,..,..
Senegal,SEN,2017,YR2017,..,..,..,..,..,..,..
Senegal,SEN,2018,YR2018,..,9.1,0.7,17.4,0.76,0.23,1.35
Senegal,SEN,2019,YR2019,2.4,..,..,..,..,..,..
Serbia,SRB,2017,YR2017,..,..,..,..,..,..,..
Serbia,SRB,2018,YR2018,..,40.6,41.2,40,8.75,3.89,13.93
Serbia,SRB,2019,YR2019,9,..,..,..,..,..,..
Seychelles,SYC,2017,YR2017,..,..,..,..,..,..,..
Seychelles,SYC,2018,YR2018,..,21.1,6.9,35.3,20.5,9.51,31.96
Seychelles,SYC,2019,YR2019,12.3,..,..,..,..,..,..
Sierra Leone,SLE,2017,YR2017,..,..,..,..,..,..,..
Sierra Leone,SLE,2018,YR2018,..,19.8,8.5,31,5.7,1.61,9.93
Sierra Leone,SLE,2019,YR2019,2.4,..,..,..,..,..,..
Singapore,SGP,2017,YR2017,..,..,..,..,..,..,..
Singapore,SGP,2018,YR2018,..,16.5,5.1,27.8,2.03,1.04,3.06
Singapore,SGP,2019,YR2019,5.5,..,..,..,..,..,..
Sint Maarten (Dutch part),SXM,2017,YR2017,..,..,..,..,..,..,..
Sint Maarten (Dutch part),SXM,2018,YR2018,..,..,..,..,..,..,..
Sint Maarten (Dutch part),SXM,2019,YR2019,6.8,..,..,..,..,..,..
Slovak Republic,SVK,2017,YR2017,..,..,..,..,..,..,..
Slovak Republic,SVK,2018,YR2018,..,32.3,26,38.6,11.14,5.35,17.37
Slovak Republic,SVK,2019,YR2019,6.5,..,..,..,..,..,..
Slovenia,SVN,2017,YR2017,..,..,..,..,..,..,..
Slovenia,SVN,2018,YR2018,..,22.7,20.3,25.1,11.9,5.6,18.36
Slovenia,SVN,2019,YR2019,5.9,..,..,..,..,..,..
Small states,SST,2017,YR2017,..,..,..,..,..,..,..
Small states,SST,2018,YR2018,..,21.32153377,8.642346091,34.18031776,5.104703759,2.210634482,7.669206669
Small states,SST,2019,YR2019,9.268443645,..,..,..,..,..,..
Solomon Islands,SLB,2017,YR2017,..,..,..,..,..,..,..
Solomon Islands,SLB,2018,YR2018,..,37.9,19.9,55.9,1.83,0.63,3.02
Solomon Islands,SLB,2019,YR2019,19,..,..,..,..,..,..
Somalia,SOM,2017,YR2017,..,..,..,..,..,..,..
Somalia,SOM,2018,YR2018,..,..,..,..,0.009,0.002,0.016
Somalia,SOM,2019,YR2019,5.1,..,..,..,..,..,..
South Africa,ZAF,2017,YR2017,..,..,..,..,..,..,..
South Africa,ZAF,2018,YR2018,..,31.4,16,46.8,9.52,3.49,15.91
South Africa,ZAF,2019,YR2019,12.7,..,..,..,..,..,..
South Asia,SAS,2017,YR2017,..,..,..,..,..,..,..
South Asia,SAS,2018,YR2018,..,27.37476567,11.93226658,42.86622581,4.333294381,1.467444508,7.071163285
South Asia,SAS,2019,YR2019,11.23792641,..,..,..,..,..,..
South Asia (IDA & IBRD),TSA,2017,YR2017,..,..,..,..,..,..,..
South Asia (IDA & IBRD),TSA,2018,YR2018,..,27.37476567,11.93226658,42.86622581,4.333294381,1.467444508,7.071163285
South Asia (IDA & IBRD),TSA,2019,YR2019,11.23792641,..,..,..,..,..,..
South Sudan,SSD,2017,YR2017,..,..,..,..,..,..,..
South Sudan,SSD,2018,YR2018,..,..,..,..,..,..,..
South Sudan,SSD,2019,YR2019,10.2,..,..,..,..,..,..
Spain,ESP,2017,YR2017,..,..,..,..,..,..,..
Spain,ESP,2018,YR2018,..,27.9,26.7,29.1,12.72,5.77,20.07
Spain,ESP,2019,YR2019,6.9,..,..,..,..,..,..
Sri Lanka,LKA,2017,YR2017,..,..,..,..,..,..,..
Sri Lanka,LKA,2018,YR2018,..,22.9,2.7,43.2,4.1,1.7,6.78
Sri Lanka,LKA,2019,YR2019,10.7,..,..,..,..,..,..
St. Kitts and Nevis,KNA,2017,YR2017,..,..,..,..,..,..,..
St. Kitts and Nevis,KNA,2018,YR2018,..,..,..,..,8.94,3.95,14.14
St. Kitts and Nevis,KNA,2019,YR2019,13.3,..,..,..,..,..,..
St. Lucia,LCA,2017,YR2017,..,..,..,..,..,..,..
St. Lucia,LCA,2018,YR2018,..,..,..,..,10.6,4.39,17.16
St. Lucia,LCA,2019,YR2019,11.6,..,..,..,..,..,..
St. Martin (French part),MAF,2017,YR2017,..,..,..,..,..,..,..
St. Martin (French part),MAF,2018,YR2018,..,..,..,..,..,..,..
St. Martin (French part),MAF,2019,YR2019,..,..,..,..,..,..,..
St. Vincent and the Grenadines,VCT,2017,YR2017,..,..,..,..,..,..,..
St. Vincent and the Grenadines,VCT,2018,YR2018,..,..,..,..,9.06,3.65,14.38
St. Vincent and the Grenadines,VCT,2019,YR2019,11.6,..,..,..,..,..,..
Sub-Saharan Africa,SSF,2017,YR2017,..,..,..,..,..,..,..
Sub-Saharan Africa,SSF,2018,YR2018,..,11.44850002,3.598990625,19.20733158,5.837510432,2.258603734,9.513511579
Sub-Saharan Africa,SSF,2019,YR2019,5.359439866,..,..,..,..,..,..
Sub-Saharan Africa (excluding high income),SSA,2017,YR2017,..,..,..,..,..,..,..
Sub-Saharan Africa (excluding high income),SSA,2018,YR2018,..,11.44708162,3.598524587,19.20487115,5.835743457,2.257764609,9.510696177
Sub-Saharan Africa (excluding high income),SSA,2019,YR2019,5.358631009,..,..,..,..,..,..
Sub-Saharan Africa (IDA & IBRD countries),TSS,2017,YR2017,..,..,..,..,..,..,..
Sub-Saharan Africa (IDA & IBRD countries),TSS,2018,YR2018,..,11.44850002,3.598990625,19.20733158,5.837510432,2.258603734,9.513511579
Sub-Saharan Africa (IDA & IBRD countries),TSS,2019,YR2019,5.359439866,..,..,..,..,..,..
Sudan,SDN,2017,YR2017,..,..,..,..,..,..,..
Sudan,SDN,2018,YR2018,..,..,..,..,0.51,0.14,0.88
Sudan,SDN,2019,YR2019,22.1,..,..,..,..,..,..
Suriname,SUR,2017,YR2017,..,..,..,..,..,..,..
Suriname,SUR,2018,YR2018,..,..,..,..,5.33,2.23,8.49
Suriname,SUR,2019,YR2019,12.5,..,..,..,..,..,..
Sweden,SWE,2017,YR2017,..,..,..,..,..,..,..
Sweden,SWE,2018,YR2018,..,28.8,29.3,28.2,8.93,4.21,13.69
Sweden,SWE,2019,YR2019,4.8,..,..,..,..,..,..
Switzerland,CHE,2017,YR2017,..,..,..,..,..,..,..
Switzerland,CHE,2018,YR2018,..,25.1,22.5,27.8,11.53,5.6,17.65
Switzerland,CHE,2019,YR2019,5.7,..,..,..,..,..,..
Syrian Arab Republic,SYR,2017,YR2017,..,..,..,..,..,..,..
Syrian Arab Republic,SYR,2018,YR2018,..,..,..,..,0.24,0.062,0.42
Syrian Arab Republic,SYR,2019,YR2019,13.5,..,..,..,..,..,..
Tajikistan,TJK,2017,YR2017,..,..,..,..,..,..,..
Tajikistan,TJK,2018,YR2018,..,..,..,..,3.28,0.99,5.6
Tajikistan,TJK,2019,YR2019,6.1,..,..,..,..,..,..
Tanzania,TZA,2017,YR2017,..,..,..,..,..,..,..
Tanzania,TZA,2018,YR2018,..,13.3,3.1,23.5,11.27,4.12,18.79
Tanzania,TZA,2019,YR2019,5.7,..,..,..,..,..,..
Thailand,THA,2017,YR2017,..,..,..,..,..,..,..
Thailand,THA,2018,YR2018,..,22.8,3.1,42.5,8.3,3.52,13.42
Thailand,THA,2019,YR2019,7,..,..,..,..,..,..
Timor-Leste,TLS,2017,YR2017,..,..,..,..,..,..,..
Timor-Leste,TLS,2018,YR2018,..,38.2,10.7,65.8,2.17,0.89,3.43
Timor-Leste,TLS,2019,YR2019,6.7,..,..,..,..,..,..
Togo,TGO,2017,YR2017,..,..,..,..,..,..,..
Togo,TGO,2018,YR2018,..,7.6,1.6,13.5,2.46,1.02,3.93
Togo,TGO,2019,YR2019,2.4,..,..,..,..,..,..
Tonga,TON,2017,YR2017,..,..,..,..,..,..,..
Tonga,TON,2018,YR2018,..,30.2,12.1,48.4,0.8,0.28,1.33
Tonga,TON,2019,YR2019,15.7,..,..,..,..,..,..
Trinidad and Tobago,TTO,2017,YR2017,..,..,..,..,..,..,..
Trinidad and Tobago,TTO,2018,YR2018,..,..,..,..,6.72,3.03,10.58
Trinidad and Tobago,TTO,2019,YR2019,11,..,..,..,..,..,..
Tunisia,TUN,2017,YR2017,..,..,..,..,..,..,..
Tunisia,TUN,2018,YR2018,..,26,2.9,49.1,2.12,0.56,3.75
Tunisia,TUN,2019,YR2019,8.5,..,..,..,..,..,..
Turkey,TUR,2017,YR2017,..,..,..,..,..,..,..
Turkey,TUR,2018,YR2018,..,29.3,17,41.5,2.05,0.56,3.62
Turkey,TUR,2019,YR2019,11.1,..,..,..,..,..,..
Turkmenistan,TKM,2017,YR2017,..,..,..,..,..,..,..
Turkmenistan,TKM,2018,YR2018,..,..,..,..,4.93,1.65,8.4
Turkmenistan,TKM,2019,YR2019,6.1,..,..,..,..,..,..
Turks and Caicos Islands,TCA,2017,YR2017,..,..,..,..,..,..,..
Turks and Caicos Islands,TCA,2018,YR2018,..,..,..,..,..,..,..
Turks and Caicos Islands,TCA,2019,YR2019,..,..,..,..,..,..,..
Tuvalu,TUV,2017,YR2017,..,..,..,..,..,..,..
Tuvalu,TUV,2018,YR2018,..,48.7,31.4,66,1.52,0.5,2.51
Tuvalu,TUV,2019,YR2019,22.1,..,..,..,..,..,..
Uganda,UGA,2017,YR2017,..,..,..,..,..,..,..
Uganda,UGA,2018,YR2018,..,9.8,4,15.5,15.09,5.88,24.62
Uganda,UGA,2019,YR2019,2.5,..,..,..,..,..,..
Ukraine,UKR,2017,YR2017,..,..,..,..,..,..,..
Ukraine,UKR,2018,YR2018,..,25.5,9.9,41,8.32,3.65,13.96
Ukraine,UKR,2019,YR2019,6.1,..,..,..,..,..,..
United Arab Emirates,ARE,2017,YR2017,..,..,..,..,..,..,..
United Arab Emirates,ARE,2018,YR2018,..,18.2,0.8,35.6,3.9,0.84,4.88
United Arab Emirates,ARE,2019,YR2019,16.3,..,..,..,..,..,..
United Kingdom,GBR,2017,YR2017,..,..,..,..,..,..,..
United Kingdom,GBR,2018,YR2018,..,19.2,17.3,21.1,11.45,5.39,17.76
United Kingdom,GBR,2019,YR2019,3.9,..,..,..,..,..,..
United States,USA,2017,YR2017,..,..,..,..,..,..,..
United States,USA,2018,YR2018,..,25.1,19.3,30.9,9.87,4.64,15.29
United States,USA,2019,YR2019,10.8,..,..,..,..,..,..
Upper middle income,UMC,2017,YR2017,..,..,..,..,..,..,..
Upper middle income,UMC,2018,YR2018,..,23.31137441,5.652287156,41.34269753,6.963591804,2.975519746,10.96853227
Upper middle income,UMC,2019,YR2019,9.256866035,..,..,..,..,..,..
Uruguay,URY,2017,YR2017,..,..,..,..,..,..,..
Uruguay,URY,2018,YR2018,..,21.8,18.4,25.2,6.92,3.37,10.83
Uruguay,URY,2019,YR2019,7.3,..,..,..,..,..,..
Uzbekistan,UZB,2017,YR2017,..,..,..,..,..,..,..
Uzbekistan,UZB,2018,YR2018,..,12.3,1.3,23.3,2.59,0.79,4.46
Uzbekistan,UZB,2019,YR2019,6.5,..,..,..,..,..,..
Vanuatu,VUT,2017,YR2017,..,..,..,..,..,..,..
Vanuatu,VUT,2018,YR2018,..,24.1,3.3,45,2.25,0.77,3.73
Vanuatu,VUT,2019,YR2019,11.9,..,..,..,..,..,..
"Venezuela, RB",VEN,2017,YR2017,..,..,..,..,..,..,..
"Venezuela, RB",VEN,2018,YR2018,..,..,..,..,4.14,1.75,6.6
"Venezuela, RB",VEN,2019,YR2019,7,..,..,..,..,..,..
Vietnam,VNM,2017,YR2017,..,..,..,..,..,..,..
Vietnam,VNM,2018,YR2018,..,..,..,..,8.66,3.49,14.1
Vietnam,VNM,2019,YR2019,6,..,..,..,..,..,..
Virgin Islands (U.S.),VIR,2017,YR2017,..,..,..,..,..,..,..
Virgin Islands (U.S.),VIR,2018,YR2018,..,..,..,..,..,..,..
Virgin Islands (U.S.),VIR,2019,YR2019,12.3,..,..,..,..,..,..
West Bank and Gaza,PSE,2017,YR2017,..,..,..,..,..,..,..
West Bank and Gaza,PSE,2018,YR2018,..,..,..,..,..,..,..
West Bank and Gaza,PSE,2019,YR2019,9.5,..,..,..,..,..,..
World,WLD,2017,YR2017,..,..,..,..,..,..,..
World,WLD,2018,YR2018,..,23.82502385,9.358565933,38.51502169,6.18140363,2.613777529,9.745612474
World,WLD,2019,YR2019,8.812211545,..,..,..,..,..,..
"Yemen, Rep.",YEM,2017,YR2017,..,..,..,..,..,..,..
"Yemen, Rep.",YEM,2018,YR2018,..,20.9,9.3,32.5,0.051,0.013,0.088
"Yemen, Rep.",YEM,2019,YR2019,5.4,..,..,..,..,..,..
Zambia,ZMB,2017,YR2017,..,..,..,..,..,..,..
Zambia,ZMB,2018,YR2018,..,14.7,4.4,25,6.54,2.62,10.62
Zambia,ZMB,2019,YR2019,4.5,..,..,..,..,..,..
Zimbabwe,ZWE,2017,YR2017,..,..,..,..,..,..,..
Zimbabwe,ZWE,2018,YR2018,..,13.9,1.3,26.5,4.67,1.63,8
Zimbabwe,ZWE,2019,YR2019,1.8,..,..,..,..,..,..
